-- MySQL dump 10.13  Distrib 8.0.28, for Linux (x86_64)
--
-- Host: localhost    Database: concessionaire
-- ------------------------------------------------------
-- Server version	8.0.28-0ubuntu0.20.04.3

/*!40101 SET @OLD_CHARACTER_SET_CLIENT=@@CHARACTER_SET_CLIENT */;
/*!40101 SET @OLD_CHARACTER_SET_RESULTS=@@CHARACTER_SET_RESULTS */;
/*!40101 SET @OLD_COLLATION_CONNECTION=@@COLLATION_CONNECTION */;
/*!50503 SET NAMES utf8mb4 */;
/*!40103 SET @OLD_TIME_ZONE=@@TIME_ZONE */;
/*!40103 SET TIME_ZONE='+00:00' */;
/*!40014 SET @OLD_UNIQUE_CHECKS=@@UNIQUE_CHECKS, UNIQUE_CHECKS=0 */;
/*!40014 SET @OLD_FOREIGN_KEY_CHECKS=@@FOREIGN_KEY_CHECKS, FOREIGN_KEY_CHECKS=0 */;
/*!40101 SET @OLD_SQL_MODE=@@SQL_MODE, SQL_MODE='NO_AUTO_VALUE_ON_ZERO' */;
/*!40111 SET @OLD_SQL_NOTES=@@SQL_NOTES, SQL_NOTES=0 */;

--
-- Table structure for table `brands`
--

DROP TABLE IF EXISTS `brands`;
/*!40101 SET @saved_cs_client     = @@character_set_client */;
/*!50503 SET character_set_client = utf8mb4 */;
CREATE TABLE `brands` (
  `brand_id` int NOT NULL AUTO_INCREMENT,
  `brand_name` varchar(30) CHARACTER SET utf8mb4 COLLATE utf8mb4_0900_ai_ci DEFAULT NULL,
  `brand_img` varchar(100) CHARACTER SET utf8mb4 COLLATE utf8mb4_0900_ai_ci DEFAULT NULL,
  PRIMARY KEY (`brand_id`),
  UNIQUE KEY `uname` (`brand_name`)
) ENGINE=InnoDB AUTO_INCREMENT=1214 DEFAULT CHARSET=utf8mb4 COLLATE=utf8mb4_0900_ai_ci;
/*!40101 SET character_set_client = @saved_cs_client */;

--
-- Dumping data for table `brands`
--

LOCK TABLES `brands` WRITE;
/*!40000 ALTER TABLE `brands` DISABLE KEYS */;
INSERT INTO `brands` VALUES (868,'audi','view/images/brand_logos/audi.jpg'),(887,'bmw','view/images/brand_logos/bmw.jpg'),(900,'cadillac','view/images/brand_logos/cadillac.jpg'),(910,'chevrolet','view/images/brand_logos/chevrolet.jpg'),(911,'chrysler','view/images/brand_logos/chrysler.jpg'),(913,'citroen','view/images/brand_logos/citroen.jpg'),(917,'dacia','view/images/brand_logos/dacia.jpg'),(918,'daewoo','view/images/brand_logos/daewoo.jpg'),(934,'dodge','view/images/brand_logos/dodge.jpg'),(957,'fiat','view/images/brand_logos/fiat.jpg'),(963,'ford','view/images/brand_logos/ford.jpg'),(997,'honda','view/images/brand_logos/honda.jpg'),(1003,'hummer','view/images/brand_logos/hummer.jpg'),(1005,'hyundai','view/images/brand_logos/hyundai.jpg'),(1009,'infiniti','view/images/brand_logos/infiniti.jpg'),(1019,'jaguar','view/images/brand_logos/jaguar.jpg'),(1022,'jeep','view/images/brand_logos/jeep.jpg'),(1032,'kia','view/images/brand_logos/kia.jpg'),(1044,'lexus','view/images/brand_logos/lexus.jpg'),(1068,'mazda','view/images/brand_logos/mazda.jpg'),(1074,'mercedes-benz','view/images/brand_logos/mercedes-benz.jpg'),(1080,'mini','view/images/brand_logos/mini.jpg'),(1081,'mitsubishi','view/images/brand_logos/mitsubishi.jpg'),(1093,'nissan','view/images/brand_logos/nissan.jpg'),(1097,'opel','view/images/brand_logos/opel.jpg'),(1107,'peugeot','view/images/brand_logos/peugeot.jpg'),(1114,'porsche','view/images/brand_logos/porsche.jpg'),(1124,'renault','view/images/brand_logos/renault.jpg'),(1135,'rover','view/images/brand_logos/rover.jpg'),(1137,'saab','view/images/brand_logos/saab.jpg'),(1144,'seat','view/images/brand_logos/seat.jpg'),(1152,'skoda','view/images/brand_logos/skoda.jpg'),(1153,'smart','view/images/brand_logos/smart.jpg'),(1163,'subaru','view/images/brand_logos/subaru.jpg'),(1165,'suzuki','view/images/brand_logos/suzuki.jpg'),(1174,'toyota','view/images/brand_logos/toyota.jpg'),(1191,'volkswagen','view/images/brand_logos/volkswagen.jpg'),(1192,'volvo','view/images/brand_logos/volvo.jpg');
/*!40000 ALTER TABLE `brands` ENABLE KEYS */;
UNLOCK TABLES;

--
-- Table structure for table `car`
--

DROP TABLE IF EXISTS `car`;
/*!40101 SET @saved_cs_client     = @@character_set_client */;
/*!50503 SET character_set_client = utf8mb4 */;
CREATE TABLE `car` (
  `car_id` int NOT NULL AUTO_INCREMENT,
  `matricula` char(50) DEFAULT NULL,
  `bastidor` char(50) DEFAULT NULL,
  `model` int DEFAULT NULL,
  `price` float DEFAULT NULL,
  `km` int DEFAULT NULL,
  `description` text,
  `fuel_type` int DEFAULT NULL,
  `extres` char(200) DEFAULT NULL,
  `f_mat` char(20) DEFAULT NULL,
  `category` int DEFAULT NULL,
  `lat` char(30) CHARACTER SET utf8mb4 COLLATE utf8mb4_0900_ai_ci DEFAULT NULL,
  `lon` char(30) CHARACTER SET utf8mb4 COLLATE utf8mb4_0900_ai_ci DEFAULT NULL,
  `city` char(30) CHARACTER SET utf8mb4 COLLATE utf8mb4_0900_ai_ci DEFAULT NULL,
  `view_count` int NOT NULL,
  PRIMARY KEY (`car_id`),
  UNIQUE KEY `matricula` (`matricula`),
  UNIQUE KEY `bastidor` (`bastidor`),
  KEY `fuel_type` (`fuel_type`),
  KEY `category` (`category`),
  KEY `model` (`model`),
  CONSTRAINT `car_ibfk_1` FOREIGN KEY (`fuel_type`) REFERENCES `fuel_type` (`fuel_type_id`),
  CONSTRAINT `car_ibfk_2` FOREIGN KEY (`category`) REFERENCES `category` (`category_id`),
  CONSTRAINT `car_ibfk_3` FOREIGN KEY (`model`) REFERENCES `models` (`model_id`)
) ENGINE=InnoDB AUTO_INCREMENT=1785 DEFAULT CHARSET=utf8mb4 COLLATE=utf8mb4_0900_ai_ci;
/*!40101 SET character_set_client = @saved_cs_client */;

--
-- Dumping data for table `car`
--

LOCK TABLES `car` WRITE;
/*!40000 ALTER TABLE `car` DISABLE KEYS */;
INSERT INTO `car` VALUES (1685,'3407FRQ','W0ZE3RDIIQY1VQSGK',276,658428,59872,'Lorem ipsum dolor sit amet, consectetur adipiscing elit. Quod ea non occurrentia fingunt, vincunt Aristonem; Sed nimis multa. Murenam te accusante defenderem. Ea possunt paria non esse. Quod quidem iam fit etiam in Academia. ',4,'GPS:Rear camera:Fronatal camera:','26/2/2005',1,'39.61610001491219','-2.3201475199700941','city_8',58),(1686,'8430AMS','CIGCR61YO9LU1SRTA',552,564912,160541,'Lorem ipsum dolor sit amet, consectetur adipiscing elit. Scio enim esse quosdam, qui quavis lingua philosophari possint; Apparet statim, quae sint officia, quae actiones. Aperiendum est igitur, quid sit voluptas; Scisse enim te quis coarguere possit? ',1,'GPS:Rear camera:','5/8/2005',5,'38.14868749008890','1.1282337369434528','city_10',41),(1687,'3940TIB','7UA1KA0T8OKHL40JJ',245,795706,152251,'Lorem ipsum dolor sit amet, consectetur adipiscing elit. Cur post Tarentum ad Archytam? Nunc agendum est subtilius. Sed nimis multa. Nosti, credo, illud: Nemo pius est, qui pietatem-; Bonum integritas corporis: misera debilitas. ',2,'GPS:Rear camera:','19/7/2008',5,'37.80865080196575','1.3161007418009091','city_1',51),(1688,'6712GPS','SWBRVDDG6LWNDJEGB',632,303182,179189,'Lorem ipsum dolor sit amet, consectetur adipiscing elit. Bonum incolumis acies: misera caecitas. De illis, cum volemus. Duo Reges: constructio interrete. Est enim effectrix multarum et magnarum voluptatum. Summum a vobis bonum voluptas dicitur. Sed haec omittamus; ',3,'GPS:','8/6/2012',5,'39.34962459694049','-4.987247674622765','city_5',48),(1689,'5657DLL','MIPO4D48YDIM0OJNR',98,435699,107871,'Lorem ipsum dolor sit amet, consectetur adipiscing elit. Ita prorsus, inquam; Urgent tamen et nihil remittunt. Poterat autem inpune; Sint ista Graecorum; ',4,'Fronatal camera:','4/2/2006',2,'38.131434277895047','-5.5863139660792187','city_2',28),(1690,'2250VMC','D1O1MUKCL720Z4NVY',74,592286,280198,'Lorem ipsum dolor sit amet, consectetur adipiscing elit. Qui est in parvis malis. Explanetur igitur. Hoc simile tandem est? Quibus ego vehementer assentior. ',3,'GPS:','9/6/2008',4,'38.27009168823936','-7.4130537872807498','city_10',43),(1691,'9811PPE','CIYUONVY33T8A10HO',98,134376,13880,'Lorem ipsum dolor sit amet, consectetur adipiscing elit. Idemne, quod iucunde? Sint modo partes vitae beatae. Huius, Lyco, oratione locuples, rebus ipsis ielunior. Ratio enim nostra consentit, pugnat oratio. Quid vero? Cui Tubuli nomen odio non est? ',1,'GPS:Rear camera:','18/2/2016',2,'38.126860684384864','-1.2093324273975905','city_8',102),(1692,'4643FFC','AO1YSH1EHBY5DC5ZL',680,319773,277122,'Lorem ipsum dolor sit amet, consectetur adipiscing elit. Primum Theophrasti, Strato, physicum se voluit; Nobis aliter videtur, recte secusne, postea; Sed residamus, inquit, si placet. Duo Reges: constructio interrete. Omnia contraria, quos etiam insanos esse vultis. Non semper, inquam; Etiam beatissimum? Cum audissem Antiochum, Brute, ut solebam, cum M. ',2,'GPS:Rear camera:Fronatal camera:','17/9/1981',1,'39.100898243637105','0.3323279893268692','city_7',19),(1693,'7151JLH','58VU9RVJOZUFK7E4N',832,221816,231162,'Lorem ipsum dolor sit amet, consectetur adipiscing elit. Quid censes in Latino fore? At certe gravius. Animum autem reliquis rebus ita perfecit, ut corpus; Audeo dicere, inquit. Duo Reges: constructio interrete. Sed plane dicit quod intellegit. ',4,'Fronatal camera:','23/3/2023',2,'37.35436187720986','0.5395435482763376','city_6',103),(1694,'1766TMQ','UUJL1AOGW2YDAZCDR',292,743251,238712,'Lorem ipsum dolor sit amet, consectetur adipiscing elit. Bestiarum vero nullum iudicium puto. Iam in altera philosophiae parte. Quis istud, quaeso, nesciebat? ',4,'GPS:Fronatal camera:','6/2/1994',2,'39.140853070581747','0.5968855743484668','city_5',71),(1695,'2778CGA','Y2OG7C71SRAAKSTCI',566,133849,255651,'Lorem ipsum dolor sit amet, consectetur adipiscing elit. Idem iste, inquam, de voluptate quid sentit? Quid censes in Latino fore? Nam ante Aristippus, et ille melius. Si longus, levis. Deprehensus omnem poenam contemnet. Hos contra singulos dici est melius. ',2,'Fronatal camera:','10/9/2030',1,'40.90098262155615','-3.4945790750035007','city_10',4),(1696,'8513HPU','XM9SD1GJELEJ5D9QZ',651,208721,31876,'Lorem ipsum dolor sit amet, consectetur adipiscing elit. Sed nimis multa. Itaque contra est, ac dicitis; ',1,'GPS:','28/6/2019',3,'39.67000908360491','-1.2483546522657289','city_10',34),(1697,'5251TFI','7Y96WD3HFUFJ5YX6R',315,344638,28655,'Lorem ipsum dolor sit amet, consectetur adipiscing elit. Omnis enim est natura diligens sui. Sed vos squalidius, illorum vides quam niteat oratio. Ratio quidem vestra sic cogit. Quis enim redargueret? ',1,'Rear camera:Fronatal camera:','5/3/2008',1,'38.10040060764208','-1.860040915618702','city_7',71),(1698,'4352FSW','60PJZ8W9VLUVDMHEA',497,851911,29995,'Lorem ipsum dolor sit amet, consectetur adipiscing elit. Maximus dolor, inquit, brevis est. Duo enim genera quae erant, fecit tria. Duo Reges: constructio interrete. Ne discipulum abducam, times. ',1,'Rear camera:','27/8/2013',5,'40.39521738311870','-6.2955483190191357','city_6',88),(1699,'7344KME','02NQ0F4535DIX73OZ',428,470160,30241,'Lorem ipsum dolor sit amet, consectetur adipiscing elit. Facillimum id quidem est, inquam. Poterat autem inpune; Esse enim, nisi eris, non potes. ',3,'GPS:Rear camera:Fronatal camera:','10/3/1994',4,'40.72415536650988','-4.2263954695685581','city_3',23),(1700,'4325ROH','LDOCAL7BRXM9C0P3S',532,661631,287925,'Lorem ipsum dolor sit amet, consectetur adipiscing elit. Polycratem Samium felicem appellabant. Quare conare, quaeso. Cur iustitia laudatur? Quonam modo? Et nemo nimium beatus est; An eiusdem modi? ',4,'GPS:Rear camera:Fronatal camera:','15/9/1985',3,'40.39011099676034','-1.3183295439893323','city_3',20),(1701,'6319FEV','ABJITWSKOPULG5LXD',670,716463,43631,'Lorem ipsum dolor sit amet, consectetur adipiscing elit. Quod totum contra est. Id Sextilius factum negabat. Cave putes quicquam esse verius. Non semper, inquam; Duo Reges: constructio interrete. Quamquam te quidem video minime esse deterritum. Vitiosum est enim in dividendo partem in genere numerare. Illa tamen simplicia, vestra versuta. ',3,'Rear camera:Fronatal camera:','14/9/1980',5,'40.114674244502141','-3.2516392911704015','city_2',9),(1702,'8964NXG','SLUL2HFMG1QZFBXTP',458,806084,268304,'Lorem ipsum dolor sit amet, consectetur adipiscing elit. Inde igitur, inquit, ordiendum est. Putabam equidem satis, inquit, me dixisse. Haec quo modo conveniant, non sane intellego. Nos cum te, M. Nos paucis ad haec additis finem faciamus aliquando; Quae cum dixisset paulumque institisset, Quid est? ',2,'GPS:Rear camera:Fronatal camera:','20/6/2004',3,'40.129508763295213','-3.611453534039359','city_8',41),(1703,'3441UVE','4C6FYCOCWOBWR6RWQ',732,65208,214838,'Lorem ipsum dolor sit amet, consectetur adipiscing elit. Itaque contra est, ac dicitis; Id Sextilius factum negabat. Sed ad bona praeterita redeamus. An hoc usque quaque, aliter in vita? Nihilo beatiorem esse Metellum quam Regulum. ',3,'GPS:','20/8/2008',1,'40.26462790408509','-5.5704252362911541','city_3',54),(1704,'7196NJF','6YCA7JQMTKKOPR0YQ',580,10386,148021,'Lorem ipsum dolor sit amet, consectetur adipiscing elit. Sin aliud quid voles, postea. Zenonis est, inquam, hoc Stoici. Duo Reges: constructio interrete. Illi enim inter se dissentiunt. ',4,'Fronatal camera:','13/2/2018',2,'40.48216931098561','1.5680315046121817','city_3',68),(1705,'3207OXQ','BP2IQ00WNN47MB32B',798,123820,157118,'Lorem ipsum dolor sit amet, consectetur adipiscing elit. Non semper, inquam; Quod iam a me expectare noli. Quippe: habes enim a rhetoribus; Nemo igitur esse beatus potest. Cur id non ita fit? Huius ego nunc auctoritatem sequens idem faciam. Nihil opus est exemplis hoc facere longius. Duo Reges: constructio interrete. ',1,'GPS:Rear camera:Fronatal camera:','19/12/2022',3,'40.68375861244485','-4.4432445924132705','city_4',48),(1706,'5231TVR','DPO0S4M9A5ZMOPUOV',415,885308,15352,'Lorem ipsum dolor sit amet, consectetur adipiscing elit. Nunc vides, quid faciat. Expectoque quid ad id, quod quaerebam, respondeas. Bestiarum vero nullum iudicium puto. Istic sum, inquit. Sedulo, inquam, faciam. ',3,'Rear camera:','9/4/1991',1,'37.61850196667256','-5.2536321739095216','city_3',17),(1707,'4520NIC','JAJMOORMOKP6300UQ',769,248651,188719,'Lorem ipsum dolor sit amet, consectetur adipiscing elit. Tum mihi Piso: Quid ergo? Immo alio genere; Simus igitur contenti his. Aliter autem vobis placet. ',2,'Fronatal camera:','6/8/2024',2,'39.11876908830241','-3.5662106312235714','city_3',48),(1708,'6121QCH','V41UGZLOCE0FJMYWQ',261,714820,178543,'Lorem ipsum dolor sit amet, consectetur adipiscing elit. Sed videbimus. Certe non potest. Ita prorsus, inquam; Proclivi currit oratio. An vero, inquit, quisquam potest probare, quod perceptfum, quod. Beatus sibi videtur esse moriens. Duo Reges: constructio interrete. ',3,'GPS:Rear camera:Fronatal camera:','17/3/1982',3,'37.66086660096656','-6.408516366371207','city_4',36),(1709,'4459FPQ','UCQQ8BP10IYE8JESO',884,941780,187957,'Lorem ipsum dolor sit amet, consectetur adipiscing elit. Gloriosa ostentatio in constituendo summo bono. Quae cum essent dicta, discessimus. Certe, nisi voluptatem tanti aestimaretis. Aut haec tibi, Torquate, sunt vituperanda aut patrocinium voluptatis repudiandum. Et ille ridens: Video, inquit, quid agas; Duo Reges: constructio interrete. Erat enim Polemonis. ',3,'GPS:Rear camera:','3/3/1980',5,'37.57959554394659','-5.5053205522562246','city_10',75),(1710,'6382UPB','808U7XLMULSCNVAXL',690,451857,205760,'Lorem ipsum dolor sit amet, consectetur adipiscing elit. Scrupulum, inquam, abeunti; Quodsi ipsam honestatem undique pertectam atque absolutam. Proclivi currit oratio. Beatus sibi videtur esse moriens. ',4,'Rear camera:Fronatal camera:','15/6/2022',3,'38.68526125046275','-2.4642558702888834','city_2',38),(1711,'4575QOB','598V993HPNZV1W4NQ',542,968131,137837,'Lorem ipsum dolor sit amet, consectetur adipiscing elit. Sic enim censent, oportunitatis esse beate vivere. Scaevolam M. Quonam, inquit, modo? Qui convenit? ',4,'GPS:Rear camera:Fronatal camera:','14/10/2022',5,'37.13687258851384','-6.5633452696291673','city_5',95),(1712,'6964ABR','BCF5CJAQR97VWU96S',773,848197,263714,'Lorem ipsum dolor sit amet, consectetur adipiscing elit. Quis est tam dissimile homini. Duo Reges: constructio interrete. Poterat autem inpune; Quae cum dixisset, finem ille. Quae contraria sunt his, malane? Quod ea non occurrentia fingunt, vincunt Aristonem; ',4,'Rear camera:Fronatal camera:','15/3/2003',5,'39.114261892816327','-2.4577262134065319','city_5',26),(1713,'7235ZWY','513G9K4QMEVFOZL4T',106,371604,14217,'Lorem ipsum dolor sit amet, consectetur adipiscing elit. Sed nimis multa. Philosophi autem in suis lectulis plerumque moriuntur. Scrupulum, inquam, abeunti; ',1,'GPS:','5/3/1985',5,'40.18942997125523','1.1855964254757157','city_9',47),(1714,'4839XBR','ZDJI66G37BQOPMD82',93,465987,68320,'Lorem ipsum dolor sit amet, consectetur adipiscing elit. Eademne, quae restincta siti? Eadem fortitudinis ratio reperietur. Atqui reperies, inquit, in hoc quidem pertinacem; Id Sextilius factum negabat. Quid me istud rogas? An hoc usque quaque, aliter in vita? Duo Reges: constructio interrete. Ille incendat? ',3,'GPS:Rear camera:Fronatal camera:','5/6/2011',5,'39.109003108399525','-2.792189366167541','city_7',65),(1715,'7553PGF','OB7EG5HA0G8PCLJQP',350,860743,136194,'Lorem ipsum dolor sit amet, consectetur adipiscing elit. Praeteritis, inquit, gaudeo. Summum ením bonum exposuit vacuitatem doloris; Itaque his sapiens semper vacabit. Tu vero, inquam, ducas licet, si sequetur; Utilitatis causa amicitia est quaesita. Ut proverbia non nulla veriora sint quam vestra dogmata. Duo Reges: constructio interrete. Non igitur bene. ',1,'GPS:','5/2/1993',3,'37.21979923294274','0.5531244801697984','city_10',8),(1716,'8587MDG','TO0J2MXLW74TZ5ES4',295,313650,25351,'Lorem ipsum dolor sit amet, consectetur adipiscing elit. Omnes enim iucundum motum, quo sensus hilaretur. Quid sequatur, quid repugnet, vident. Cur deinde Metrodori liberos commendas? Dici enim nihil potest verius. Duo Reges: constructio interrete. Sed quid sentiat, non videtis. ',2,'Rear camera:Fronatal camera:','1/8/2012',1,'38.118571895611292','-6.1609584964876190','city_7',56),(1717,'1887YND','3CM47EF8IDGTA0K4I',70,676096,77874,'Lorem ipsum dolor sit amet, consectetur adipiscing elit. Ad eas enim res ab Epicuro praecepta dantur. Moriatur, inquit. Quid iudicant sensus? ',4,'Rear camera:','26/12/2005',1,'39.51126237736409','-6.1198614808276267','city_1',61),(1718,'2759YOW','9R43X2WN1YUS6G96T',212,15666,63964,'Lorem ipsum dolor sit amet, consectetur adipiscing elit. Honesta oratio, Socratica, Platonis etiam. Sint modo partes vitae beatae. Hoc non est positum in nostra actione. Non est igitur voluptas bonum. Philosophi autem in suis lectulis plerumque moriuntur. ',1,'GPS:Rear camera:','4/11/2000',2,'38.93897808654826','-7.937025175492953','city_10',54),(1719,'2317QCY','MXZOBG1P1TBIJ4ZUU',380,473687,111483,'Lorem ipsum dolor sit amet, consectetur adipiscing elit. Proclivi currit oratio. Quod equidem non reprehendo; Duo Reges: constructio interrete. Quis non odit sordidos, vanos, leves, futtiles? Teneo, inquit, finem illi videri nihil dolere. ',2,'Rear camera:Fronatal camera:','17/3/2008',4,'40.129552877107706','-7.2070056581152320','city_9',40),(1720,'7190PJK','6SKP2ND04ZHNNIDYU',864,444347,253104,'Lorem ipsum dolor sit amet, consectetur adipiscing elit. Certe, nisi voluptatem tanti aestimaretis. Si quicquam extra virtutem habeatur in bonis. Id Sextilius factum negabat. Quis Aristidem non mortuum diligit? Negat enim summo bono afferre incrementum diem. Nunc vides, quid faciat. Nescio quo modo praetervolavit oratio. Duo Reges: constructio interrete. Sin aliud quid voles, postea. ',1,'GPS:Fronatal camera:','5/11/2027',5,'39.92816302440285','-7.3896914631597261','city_9',57),(1721,'9200PZS','CSN8WAZFL1GIQQJG5',258,99839,171106,'Lorem ipsum dolor sit amet, consectetur adipiscing elit. Neutrum vero, inquit ille. Et non ex maxima parte de tota iudicabis? Negat enim summo bono afferre incrementum diem. Quid ad utilitatem tantae pecuniae? ',4,'Fronatal camera:','1/9/1990',5,'40.124140714882367','1.4105875847358828','city_2',59),(1722,'4734TXJ','C8BFU5X7RWDCQZ0R7',490,163946,71898,'Lorem ipsum dolor sit amet, consectetur adipiscing elit. Sic enim censent, oportunitatis esse beate vivere. Age sane, inquam. Nam Pyrrho, Aristo, Erillus iam diu abiecti. Et quidem, inquit, vehementer errat; ',3,'GPS:Fronatal camera:','27/8/1992',1,'38.82221312675566','-3.1327728436329671','city_3',17),(1723,'4423IUV','E0JBJQS49IWY52684',221,815413,83543,'Lorem ipsum dolor sit amet, consectetur adipiscing elit. Haec dicuntur inconstantissime. Mihi, inquam, qui te id ipsum rogavi? ',4,'GPS:Rear camera:Fronatal camera:','13/1/2024',1,'39.26021200771308','-7.787324620251258','city_10',25),(1724,'8616ROS','PSKNJN61ZAWZAGL6I',374,282695,151395,'Lorem ipsum dolor sit amet, consectetur adipiscing elit. Tum ille timide vel potius verecunde: Facio, inquit. Quare conare, quaeso. Cur post Tarentum ad Archytam? Sed fortuna fortis; Sed quid sentiat, non videtis. ',4,'Fronatal camera:','5/3/2006',1,'38.82081249702470','0.5536222514439544','city_9',82),(1725,'6519DTT','GOFIEP9J0XNV5DKXK',545,63642,89270,'Lorem ipsum dolor sit amet, consectetur adipiscing elit. Bestiarum vero nullum iudicium puto. Summum a vobis bonum voluptas dicitur. ',2,'Fronatal camera:','13/11/1999',2,'40.61072301064132','-5.1583855646691164','city_8',84),(1726,'9791VVB','8W5VZ60GQBV7MXYC6',41,556363,89485,'Lorem ipsum dolor sit amet, consectetur adipiscing elit. Quis Aristidem non mortuum diligit? Quae diligentissime contra Aristonem dicuntur a Chryippo. An tu me de L. Nulla erit controversia. ',4,'Fronatal camera:','4/11/1986',3,'37.142515413941092','-4.4970902322416034','city_6',88),(1727,'4552PTJ','8IEX87KXNDEKOKLIR',66,615698,74565,'Lorem ipsum dolor sit amet, consectetur adipiscing elit. Nihil ad rem! Ne sit sane; Quod ea non occurrentia fingunt, vincunt Aristonem; Quod quidem nobis non saepe contingit. Cur post Tarentum ad Archytam? Nihil opus est exemplis hoc facere longius. Duo Reges: constructio interrete. ',1,'GPS:Rear camera:Fronatal camera:','7/4/2000',4,'40.130324125187730','-1.1724268501360001','city_4',43),(1728,'3902FQM','7TSVDLVLE9DF1H085',601,224630,158792,'Lorem ipsum dolor sit amet, consectetur adipiscing elit. Quae cum dixisset, finem ille. Sed ne, dum huic obsequor, vobis molestus sim. Hoc loco tenere se Triarius non potuit. Duo Reges: constructio interrete. Cur, nisi quod turpis oratio est? ',4,'Rear camera:','4/3/1985',3,'39.113150685818207','-5.5258932615700547','city_9',88),(1729,'3717HTE','Q4O5KALYO9H3ZKXXO',594,894756,240532,'Lorem ipsum dolor sit amet, consectetur adipiscing elit. Quod autem satis est, eo quicquid accessit, nimium est; Quod totum contra est. Esse enim, nisi eris, non potes. Age sane, inquam. ',4,'Rear camera:Fronatal camera:','14/10/2009',3,'37.131840046216951','-2.1766080263289596','city_2',92),(1730,'1848MMO','M8AGZNBQ3FESP98MA',658,257035,26298,'Lorem ipsum dolor sit amet, consectetur adipiscing elit. Atqui reperies, inquit, in hoc quidem pertinacem; Invidiosum nomen est, infame, suspectum. Ratio quidem vestra sic cogit. Nos vero, inquit ille; Memini vero, inquam; ',2,'GPS:Fronatal camera:','1/7/2030',3,'37.138991250316594','-5.5431850278957078','city_7',67),(1731,'5902KYF','YJVIK9G2W65DU28AJ',314,817701,7943,'Lorem ipsum dolor sit amet, consectetur adipiscing elit. Iam id ipsum absurdum, maximum malum neglegi. Utilitatis causa amicitia est quaesita. At hoc in eo M. Sin tantum modo ad indicia veteris memoriae cognoscenda, curiosorum. Quid, si etiam iucunda memoria est praeteritorum malorum? Istam voluptatem perpetuam quis potest praestare sapienti? Quod totum contra est. Duo Reges: constructio interrete. ',1,'GPS:Rear camera:Fronatal camera:','11/5/2020',2,'38.50114355742867','-2.355025435368837','city_6',29),(1732,'3672YDR','V5MG3QVVM8X6AYM5N',439,499002,34340,'Lorem ipsum dolor sit amet, consectetur adipiscing elit. Ea possunt paria non esse. Et non ex maxima parte de tota iudicabis? ',4,'GPS:Rear camera:','28/12/2004',3,'40.39479970002327','-6.4864997904658347','city_5',23),(1733,'6102XJX','9C9X05WAE5RC313RS',260,440206,263703,'Lorem ipsum dolor sit amet, consectetur adipiscing elit. Qui ita affectus, beatum esse numquam probabis; Falli igitur possumus. Non est igitur summum malum dolor. Ne discipulum abducam, times. Tu quidem reddes; ',3,'GPS:','8/6/2011',3,'40.10546985032818','1.5306941917780399','city_1',100),(1734,'6053WGW','UEW3U0H3CU0YMLUI3',123,548947,220884,'Lorem ipsum dolor sit amet, consectetur adipiscing elit. Et quod est munus, quod opus sapientiae? Si longus, levis dictata sunt. Duo Reges: constructio interrete. Quo tandem modo? Quid, quod res alia tota est? ',2,'GPS:','13/10/1995',2,'40.149152672700072','-6.3624130172403990','city_7',38),(1735,'5746XTH','NY7AS2F2HH26483M3',853,84865,150330,'Lorem ipsum dolor sit amet, consectetur adipiscing elit. Nullus est igitur cuiusquam dies natalis. Utram tandem linguam nescio? Negare non possum. Poterat autem inpune; ',4,'Rear camera:','17/2/1997',3,'37.102268240791878','-3.1798351247895172','city_6',47),(1736,'3404EJW','DFNV75QWH12F58PW0',581,871816,198503,'Lorem ipsum dolor sit amet, consectetur adipiscing elit. Rationis enim perfectio est virtus; An tu me de L. Qua tu etiam inprudens utebare non numquam. Quid iudicant sensus? Venit ad extremum; Duo Reges: constructio interrete. ',3,'GPS:Rear camera:','2/1/1982',1,'37.23294661429338','-5.2689209913152285','city_10',21),(1737,'8171DBA','9252ZQZJK1V6VLSIR',592,717888,141924,'Lorem ipsum dolor sit amet, consectetur adipiscing elit. Qui-vere falsone, quaerere mittimus-dicitur oculis se privasse; Nam quid possumus facere melius? Respondeat totidem verbis. Beatus sibi videtur esse moriens. Quae autem natura suae primae institutionis oblita est? ',3,'Rear camera:','20/12/2016',4,'37.90991713560816','-4.4701234346116111','city_10',18),(1738,'5762WKM','ODSWWM1T2V7F1ETAQ',751,410545,79933,'Lorem ipsum dolor sit amet, consectetur adipiscing elit. Numquam facies. Falli igitur possumus. Quorum altera prosunt, nocent altera. Duo Reges: constructio interrete. Quamquam tu hanc copiosiorem etiam soles dicere. Minime vero istorum quidem, inquit. Hunc vos beatum; Conferam avum tuum Drusum cum C. ',4,'Fronatal camera:','9/1/1994',2,'40.70719669966673','-6.2270242409656201','city_6',29),(1739,'3168KFQ','WWYR7PUF05L2HG5K4',562,831322,90351,'Lorem ipsum dolor sit amet, consectetur adipiscing elit. Quod cum dixissent, ille contra. Quod ea non occurrentia fingunt, vincunt Aristonem; A mene tu? Duo Reges: constructio interrete. Bestiarum vero nullum iudicium puto. Haec igitur Epicuri non probo, inquam. ',1,'Rear camera:','10/7/2021',2,'37.120807316704655','-5.3764659003920296','city_7',41),(1740,'8629ERB','4NZA6KGWS4JO4PKDB',618,132244,149139,'Lorem ipsum dolor sit amet, consectetur adipiscing elit. Itaque ab his ordiamur. Tum Torquatus: Prorsus, inquit, assentior; Duo Reges: constructio interrete. Idemne, quod iucunde? ',3,'GPS:Rear camera:Fronatal camera:','22/3/2024',3,'40.122927253482531','-4.4763508421593284','city_6',49),(1741,'5907UNM','CZJCPTGJ1QYNOXWZ6',445,79862,69845,'Lorem ipsum dolor sit amet, consectetur adipiscing elit. Quid ergo hoc loco intellegit honestum? Sed haec omittamus; Nihil enim iam habes, quod ad corpus referas; Avaritiamne minuis? Id est enim, de quo quaerimus. Beatum, inquit. Si enim ad populum me vocas, eum. ',3,'Rear camera:','10/3/2022',5,'37.102715593791434','1.5204871196154134','city_5',40),(1742,'6842ASZ','68TUWI6O1NEQI1T83',106,711270,70878,'Lorem ipsum dolor sit amet, consectetur adipiscing elit. Sint ista Graecorum; Illa argumenta propria videamus, cur omnia sint paria peccata. Praeteritis, inquit, gaudeo. Bestiarum vero nullum iudicium puto. Duo Reges: constructio interrete. Ratio quidem vestra sic cogit. ',3,'GPS:Rear camera:','20/6/1991',3,'38.40709654540950','-2.1439055575023190','city_2',32),(1743,'3848HCU','9N8U873WU5FH00CEK',362,603604,56679,'Lorem ipsum dolor sit amet, consectetur adipiscing elit. Hoc ipsum elegantius poni meliusque potuit. Inde igitur, inquit, ordiendum est. Sedulo, inquam, faciam. Id est enim, de quo quaerimus. Num quid tale Democritus? ',2,'Rear camera:Fronatal camera:','23/7/1992',2,'39.88096028919206','1.4938981694604746','city_7',96),(1744,'7875BTG','C6C4BLDBAMBHZFLWW',773,33575,107627,'Lorem ipsum dolor sit amet, consectetur adipiscing elit. Primum divisit ineleganter; Quo plebiscito decreta a senatu est consuli quaestio Cn. Negare non possum. Duo Reges: constructio interrete. ',3,'Fronatal camera:','12/11/1990',3,'39.5636509465832','1.1294600956901450','city_2',44),(1745,'5197PGS','BMJXZYMYY4UM86CW6',746,4000,39060,'Lorem ipsum dolor sit amet, consectetur adipiscing elit. Age sane, inquam. Ita prorsus, inquam; ',2,'Rear camera:','7/11/2005',3,'38.26132961666332','-4.5457281439641902','city_1',38),(1746,'9530SCI','MMSKOQOAL45S0N6FG',285,895263,148483,'Lorem ipsum dolor sit amet, consectetur adipiscing elit. Non quam nostram quidem, inquit Pomponius iocans; Quis Aristidem non mortuum diligit? Non igitur bene. Qua tu etiam inprudens utebare non numquam. Certe non potest. ',4,'Fronatal camera:','16/12/2012',3,'37.103287016286505','1.4932176166251322','city_10',57),(1747,'6040OPV','JY3AZ6Y1OCLRA4571',635,769199,220723,'Lorem ipsum dolor sit amet, consectetur adipiscing elit. Ut pulsi recurrant? Videamus animi partes, quarum est conspectus illustrior; Quid Zeno? Hoc ipsum elegantius poni meliusque potuit. ',4,'GPS:','25/6/1996',1,'37.110899904292201','-5.4356370057985521','city_3',26),(1748,'1576XUR','YBVRHII9QKJNVFW34',778,24517,164284,'Lorem ipsum dolor sit amet, consectetur adipiscing elit. At certe gravius. Tibi hoc incredibile, quod beatissimum. Respondent extrema primis, media utrisque, omnia omnibus. Quod quidem iam fit etiam in Academia. ',2,'Rear camera:Fronatal camera:','14/1/2023',2,'40.59004006763841','-6.1840680345477117','city_6',80),(1749,'3721MFX','PWDUEQG3X1N9COJAX',124,61120,166521,'Lorem ipsum dolor sit amet, consectetur adipiscing elit. Itaque ad tempus ad Pisonem omnes. Eadem nunc mea adversum te oratio est. Quis hoc dicit? Nulla erit controversia. Duo Reges: constructio interrete. Audeo dicere, inquit. Non risu potius quam oratione eiciendum? ',4,'GPS:','26/1/1980',5,'40.7682055052733','-6.3415076473294472','city_5',44),(1750,'9949FVZ','KJ6XL1LFDUT4NEC11',411,299953,278158,'Lorem ipsum dolor sit amet, consectetur adipiscing elit. Is es profecto tu. Qua tu etiam inprudens utebare non numquam. Sint modo partes vitae beatae. Age sane, inquam. Quare attende, quaeso. Si longus, levis dictata sunt. ',4,'GPS:Rear camera:','4/2/1994',3,'40.2994986557353','0.4145821603926870','city_7',10),(1751,'8874WUK','HUSNPP78GC9VJC6Y1',447,922622,129348,'Lorem ipsum dolor sit amet, consectetur adipiscing elit. Neutrum vero, inquit ille. Prioris generis est docilitas, memoria; ',1,'GPS:Rear camera:','21/11/1984',2,'40.15351365798570','-4.4154903500942811','city_6',33),(1752,'3267DBR','J9TOL25HUPURACFH2',491,966549,137015,'Lorem ipsum dolor sit amet, consectetur adipiscing elit. Age sane, inquam. Illa argumenta propria videamus, cur omnia sint paria peccata. Duarum enim vitarum nobis erunt instituta capienda. Non risu potius quam oratione eiciendum? ',4,'Fronatal camera:','10/1/1995',5,'37.155086404778703','-4.4819047601532443','city_7',94),(1753,'7280GPF','HAXMW1QPADXM1RRMO',629,327821,21705,'Lorem ipsum dolor sit amet, consectetur adipiscing elit. Collige omnia, quae soletis: Praesidium amicorum. Cum praesertim illa perdiscere ludus esset. Nihil sane. Vide, quantum, inquam, fallare, Torquate. Duo Reges: constructio interrete. Quae cum dixisset paulumque institisset, Quid est? ',3,'GPS:Rear camera:','22/8/1996',4,'39.3750012951435','-4.3430363384656090','city_5',81),(1754,'7604WJP','SGLUNHF76GYVOLD6A',680,742475,171680,'Lorem ipsum dolor sit amet, consectetur adipiscing elit. Quid censes in Latino fore? Quorum altera prosunt, nocent altera. Illum mallem levares, quo optimum atque humanissimum virum, Cn. Praeclare hoc quidem. ',3,'Rear camera:','28/2/2024',4,'37.95197487517511','-5.1568133030268565','city_5',63),(1755,'9232LNG','DVIOLKA1GRZ0DAHTE',446,851471,131460,'Lorem ipsum dolor sit amet, consectetur adipiscing elit. Compensabatur, inquit, cum summis doloribus laetitia. Aliter homines, aliter philosophos loqui putas oportere? Omnia peccata paria dicitis. Duo Reges: constructio interrete. Sic enim censent, oportunitatis esse beate vivere. Quid sequatur, quid repugnet, vident. ',2,'GPS:Rear camera:','20/9/1984',3,'38.81997308124855','-6.4037099852944576','city_9',29),(1756,'3700DWW','Y26Q4IU8WAX99O8BP',201,142910,31726,'Lorem ipsum dolor sit amet, consectetur adipiscing elit. Sed tamen intellego quid velit. Sed quod proximum fuit non vidit. Tuo vero id quidem, inquam, arbitratu. Quis non odit sordidos, vanos, leves, futtiles? ',3,'GPS:Rear camera:','6/3/2008',2,'38.55557686860664','-3.3109258391305461','city_4',3),(1757,'5031NQH','A6RUIF3L28ETMY7DC',314,803900,287730,'Lorem ipsum dolor sit amet, consectetur adipiscing elit. Nunc omni virtuti vitium contrario nomine opponitur. Istic sum, inquit. Videamus animi partes, quarum est conspectus illustrior; Vestri haec verecundius, illi fortasse constantius. Iubet igitur nos Pythius Apollo noscere nosmet ipsos. Ita credo. Aliter enim nosmet ipsos nosse non possumus. Duo Reges: constructio interrete. ',2,'Rear camera:','4/3/2026',1,'40.91209671752276','-3.2182485199069917','city_9',95),(1758,'1978KGG','40QXRL5I2708CVE2C',558,602565,63061,'Lorem ipsum dolor sit amet, consectetur adipiscing elit. Primum divisit ineleganter; Maximus dolor, inquit, brevis est. Quod ea non occurrentia fingunt, vincunt Aristonem; Duo Reges: constructio interrete. Tria genera bonorum; Dempta enim aeternitate nihilo beatior Iuppiter quam Epicurus; Quid dubitas igitur mutare principia naturae? Aperiendum est igitur, quid sit voluptas; ',3,'Rear camera:','21/1/1999',5,'40.12718467226306','-4.4225455842880144','city_4',67),(1759,'2536BFK','KTHBO5M125R264DZC',247,800290,23449,'Lorem ipsum dolor sit amet, consectetur adipiscing elit. Dempta enim aeternitate nihilo beatior Iuppiter quam Epicurus; Negat esse eam, inquit, propter se expetendam. Idem iste, inquam, de voluptate quid sentit? Si longus, levis. Duo Reges: constructio interrete. ',2,'GPS:Rear camera:Fronatal camera:','9/5/1989',1,'37.37647673757079','-7.5124364686563019','city_1',21),(1760,'9951KZG','V7O2RRWRKOM6OIMHJ',615,754479,30492,'Lorem ipsum dolor sit amet, consectetur adipiscing elit. Tum mihi Piso: Quid ergo? Quippe: habes enim a rhetoribus; Quis istum dolorem timet? Diodorus, eius auditor, adiungit ad honestatem vacuitatem doloris. ',4,'GPS:Fronatal camera:','11/4/1995',1,'39.147908275912870','-6.538498655311304','city_10',29),(1761,'9945GTQ','B7JZDRDCFUFTKVX8S',659,96116,282516,'Lorem ipsum dolor sit amet, consectetur adipiscing elit. Quo modo autem philosophus loquitur? Quo tandem modo? Si longus, levis dictata sunt. Qui est in parvis malis. ',4,'GPS:Fronatal camera:','14/12/2027',3,'40.149652532136179','-1.4203938173229980','city_3',8),(1762,'5763PNH','72N38O5UKNA313R9V',385,979172,230521,'Lorem ipsum dolor sit amet, consectetur adipiscing elit. Omnia contraria, quos etiam insanos esse vultis. Equidem e Cn. Progredientibus autem aetatibus sensim tardeve potius quasi nosmet ipsos cognoscimus. Duo Reges: constructio interrete. ',2,'Fronatal camera:','2/11/2003',3,'38.145892205607160','-6.3501410783387727','city_1',93),(1763,'5080MAA','F3E2QECMYKRNNL41B',605,992454,232000,'Lorem ipsum dolor sit amet, consectetur adipiscing elit. Quod iam a me expectare noli. Quid me istud rogas? ',1,'GPS:','3/1/1997',5,'40.25342392264289','0.3064072244472645','city_2',77),(1764,'8274HFI','4B3CFE42YLK0PQ5UG',488,721332,146586,'Lorem ipsum dolor sit amet, consectetur adipiscing elit. Summus dolor plures dies manere non potest? Beatus autem esse in maximarum rerum timore nemo potest. Quod ea non occurrentia fingunt, vincunt Aristonem; ',4,'GPS:','3/11/1984',2,'37.150662262863923','-6.5885668450966127','city_8',52),(1765,'7988NFE','25FJ2QF4V50EJM31L',319,840760,19226,'Lorem ipsum dolor sit amet, consectetur adipiscing elit. Quid est igitur, inquit, quod requiras? Si quae forte-possumus. Expectoque quid ad id, quod quaerebam, respondeas. Omnia contraria, quos etiam insanos esse vultis. ',2,'GPS:Rear camera:','16/11/1983',4,'38.79391818891399','-7.5172985382542201','city_7',30),(1766,'9338LHA','MGHENATIGSYRKYH0T',242,779752,32153,'Lorem ipsum dolor sit amet, consectetur adipiscing elit. Duo Reges: constructio interrete. Illa tamen simplicia, vestra versuta. Sint modo partes vitae beatae. Laboro autem non sine causa; Quid autem habent admirationis, cum prope accesseris? ',4,'GPS:Rear camera:','27/7/1994',2,'37.135667234753276','-7.3013851760379906','city_1',50),(1767,'8407RBM','B2CARAV9QII5YP6QV',782,689310,19428,'Lorem ipsum dolor sit amet, consectetur adipiscing elit. At multis se probavit. Eam stabilem appellas. Si quicquam extra virtutem habeatur in bonis. Duo Reges: constructio interrete. Quae autem natura suae primae institutionis oblita est? Qui potest igitur habitare in beata vita summi mali metus? Hoc Hieronymus summum bonum esse dixit. ',2,'Rear camera:','5/9/1996',5,'40.96060384547453','-1.891259193715885','city_9',20),(1768,'6709FWQ','68HCTQCM1O35JSD3C',435,458308,216302,'Lorem ipsum dolor sit amet, consectetur adipiscing elit. At coluit ipse amicitias. Sed videbimus. Tria genera bonorum; Quorum sine causa fieri nihil putandum est. Ne discipulum abducam, times. Duo Reges: constructio interrete. ',1,'Fronatal camera:','15/9/2027',5,'39.58447126627587','-4.4999475146825339','city_7',63),(1769,'6692GYV','F7VV73RKJAOFMWG1Q',282,901245,298195,'Lorem ipsum dolor sit amet, consectetur adipiscing elit. Beatus sibi videtur esse moriens. Iam id ipsum absurdum, maximum malum neglegi. Quis non odit sordidos, vanos, leves, futtiles? Praeteritis, inquit, gaudeo. Non semper, inquam; Ita nemo beato beatior. ',3,'Rear camera:','22/4/1982',1,'40.56638262859982','-6.5313406424773273','city_3',46),(1770,'6080QGT','J3G7YN3WC51CBH8NC',659,864725,218953,'Lorem ipsum dolor sit amet, consectetur adipiscing elit. Tubulo putas dicere? Nos vero, inquit ille; Ut pulsi recurrant? Oratio me istius philosophi non offendit; ',4,'GPS:Rear camera:','1/8/2009',3,'38.70640254558804','-2.4732265326145402','city_4',89),(1771,'4505PAM','KIF1T7V1R9F0E8QWY',7,136124,253988,'Lorem ipsum dolor sit amet, consectetur adipiscing elit. Erat enim res aperta. Hunc vos beatum; Sint modo partes vitae beatae. Duo Reges: constructio interrete. Sed haec omittamus; ',4,'Fronatal camera:','14/9/1985',1,'40.63448120166062','-3.827579276429069','city_7',95),(1772,'7791DPV','3FN5T644KCTE86WNQ',544,569095,71284,'Lorem ipsum dolor sit amet, consectetur adipiscing elit. Proclivi currit oratio. At enim sequor utilitatem. Tum mihi Piso: Quid ergo? Duo Reges: constructio interrete. Quid est igitur, inquit, quod requiras? ',2,'Rear camera:Fronatal camera:','2/12/2018',3,'40.87370072071135','-5.3493177459996727','city_7',44),(1773,'8776BXU','KCFWU38XTO5IP0AIJ',137,130993,198043,'Lorem ipsum dolor sit amet, consectetur adipiscing elit. Non autem hoc: igitur ne illud quidem. Nos vero, inquit ille; Non semper, inquam; ',3,'Fronatal camera:','1/12/1992',1,'38.153215432456184','0.954329408748744','city_8',19),(1774,'4932OPL','AJVL0N1T31HEKOWQ7',280,89126,73523,'Lorem ipsum dolor sit amet, consectetur adipiscing elit. Nos cum te, M. In schola desinis. ',4,'GPS:Rear camera:','27/9/2008',4,'39.123591202599367','-5.2553180685884205','city_6',89),(1775,'2310CNE','ZW04YVK25XSGGB6HB',212,524355,15214,'Lorem ipsum dolor sit amet, consectetur adipiscing elit. Qui ita affectus, beatum esse numquam probabis; Quantum Aristoxeni ingenium consumptum videmus in musicis? Cur id non ita fit? Suo enim quisque studio maxime ducitur. Iam enim adesse poterit. Iam in altera philosophiae parte. ',3,'Fronatal camera:','24/8/1983',3,'40.44438073896495','-1.3893312399771915','city_9',65),(1776,'8570JWP','5K9UQXB9YPBLKR90U',682,313109,27620,'Lorem ipsum dolor sit amet, consectetur adipiscing elit. Id enim natura desiderat. Sed in rebus apertissimis nimium longi sumus. Nihil opus est exemplis hoc facere longius. Ratio enim nostra consentit, pugnat oratio. At enim hic etiam dolore. Duo Reges: constructio interrete. ',3,'GPS:','5/5/1982',1,'40.93491121757956','-3.2256072591632722','city_1',13),(1777,'1194CHE','MQLN42GGSP2AYW1XR',27,592321,297254,'Lorem ipsum dolor sit amet, consectetur adipiscing elit. Quibusnam praeteritis? Tollenda est atque extrahenda radicitus. ',1,'GPS:Rear camera:','7/12/2030',5,'38.11780205699274','0.1217184660361349','city_1',67),(1778,'3675KJA','1VMNF9NANTH2L29AA',628,119136,235014,'Lorem ipsum dolor sit amet, consectetur adipiscing elit. Nosti, credo, illud: Nemo pius est, qui pietatem-; Tu quidem reddes; Quippe: habes enim a rhetoribus; Proclivi currit oratio. Murenam te accusante defenderem. Prodest, inquit, mihi eo esse animo. ',4,'GPS:Rear camera:','14/5/1993',5,'39.159032821326307','0.3969066892690941','city_10',89),(1779,'9101LUU','4HXSUCQUX72ZXMQVI',743,906729,227944,'Lorem ipsum dolor sit amet, consectetur adipiscing elit. Ea possunt paria non esse. Si quae forte-possumus. Si longus, levis; Quamquam id quidem licebit iis existimare, qui legerint. An haec ab eo non dicuntur? Virtutis, magnitudinis animi, patientiae, fortitudinis fomentis dolor mitigari solet. Duo Reges: constructio interrete. ',4,'GPS:','16/3/1996',3,'39.18598457303042','0.3706303047200026','city_4',80),(1780,'5484LAU','WH5HRXQQS6DVLAUBS',561,835645,262600,'Lorem ipsum dolor sit amet, consectetur adipiscing elit. Quippe: habes enim a rhetoribus; At enim hic etiam dolore. Gloriosa ostentatio in constituendo summo bono. Ea possunt paria non esse. Egone quaeris, inquit, quid sentiam? Duo Reges: constructio interrete. ',1,'Rear camera:','4/12/1983',3,'40.56104295907556','-3.2091930725559397','city_2',100),(1781,'9992BGS','SCR9A29ZSANXFSRMJ',75,842755,120172,'Lorem ipsum dolor sit amet, consectetur adipiscing elit. Quodcumque in mentem incideret, et quodcumque tamquam occurreret. Hic ambiguo ludimur. Duo Reges: constructio interrete. De illis, cum volemus. Suo genere perveniant ad extremum; Ego vero isti, inquam, permitto. ',1,'GPS:','25/6/2008',3,'38.148922774503317','0.2317467481936830','city_1',22),(1782,'6564UNM','8IB4FV54ABR04KZTH',115,893725,148548,'Lorem ipsum dolor sit amet, consectetur adipiscing elit. Putabam equidem satis, inquit, me dixisse. Ratio enim nostra consentit, pugnat oratio. Erat enim Polemonis. Eiuro, inquit adridens, iniquum, hac quidem de re; Haec para/doca illi, nos admirabilia dicamus. ',2,'Rear camera:Fronatal camera:','22/1/2026',2,'39.58455439334492','-2.1247146696372549','city_6',64),(1783,'5166MDY','I64X3300DF3VOKRA0',246,410077,292891,'Lorem ipsum dolor sit amet, consectetur adipiscing elit. Quae autem natura suae primae institutionis oblita est? At eum nihili facit; Utilitatis causa amicitia est quaesita. Quo modo autem optimum, si bonum praeterea nullum est? Ex rebus enim timiditas, non ex vocabulis nascitur. Duo Reges: constructio interrete. ',1,'GPS:','20/1/1989',4,'39.153428950103227','0.5711012486488473','city_10',32),(1784,'5345TLH','VUWRX1WCGRRY773KT',869,536026,93130,'Lorem ipsum dolor sit amet, consectetur adipiscing elit. Paria sunt igitur. Quod quidem iam fit etiam in Academia. At hoc in eo M. Duo Reges: constructio interrete. Age sane, inquam. Quod iam a me expectare noli. ',3,'Rear camera:Fronatal camera:','17/11/2023',1,'37.124228427552418','-2.3872207532763814','city_7',86);
/*!40000 ALTER TABLE `car` ENABLE KEYS */;
UNLOCK TABLES;

--
-- Table structure for table `car_img`
--

DROP TABLE IF EXISTS `car_img`;
/*!40101 SET @saved_cs_client     = @@character_set_client */;
/*!50503 SET character_set_client = utf8mb4 */;
CREATE TABLE `car_img` (
  `car_img_id` int NOT NULL AUTO_INCREMENT,
  `car_ref` int DEFAULT NULL,
  `car_img_file` char(200) CHARACTER SET utf8mb4 COLLATE utf8mb4_0900_ai_ci DEFAULT NULL,
  PRIMARY KEY (`car_img_id`),
  KEY `car_ref` (`car_ref`),
  CONSTRAINT `car_img_ibfk_1` FOREIGN KEY (`car_ref`) REFERENCES `car` (`car_id`)
) ENGINE=InnoDB AUTO_INCREMENT=4618 DEFAULT CHARSET=utf8mb4 COLLATE=utf8mb4_0900_ai_ci;
/*!40101 SET character_set_client = @saved_cs_client */;

--
-- Dumping data for table `car_img`
--

LOCK TABLES `car_img` WRITE;
/*!40000 ALTER TABLE `car_img` DISABLE KEYS */;
INSERT INTO `car_img` VALUES (4318,1685,'view/images/placeholder_cars/placeholder_cars_1.png'),(4319,1685,'view/images/placeholder_cars/placeholder_cars_2.png'),(4320,1685,'view/images/placeholder_cars/placeholder_cars_3.png'),(4321,1686,'view/images/placeholder_cars/placeholder_cars_1.png'),(4322,1686,'view/images/placeholder_cars/placeholder_cars_2.png'),(4323,1686,'view/images/placeholder_cars/placeholder_cars_3.png'),(4324,1687,'view/images/placeholder_cars/placeholder_cars_1.png'),(4325,1687,'view/images/placeholder_cars/placeholder_cars_2.png'),(4326,1687,'view/images/placeholder_cars/placeholder_cars_3.png'),(4327,1688,'view/images/placeholder_cars/placeholder_cars_1.png'),(4328,1688,'view/images/placeholder_cars/placeholder_cars_2.png'),(4329,1688,'view/images/placeholder_cars/placeholder_cars_3.png'),(4330,1689,'view/images/placeholder_cars/placeholder_cars_1.png'),(4331,1689,'view/images/placeholder_cars/placeholder_cars_2.png'),(4332,1689,'view/images/placeholder_cars/placeholder_cars_3.png'),(4333,1690,'view/images/placeholder_cars/placeholder_cars_1.png'),(4334,1690,'view/images/placeholder_cars/placeholder_cars_2.png'),(4335,1690,'view/images/placeholder_cars/placeholder_cars_3.png'),(4336,1691,'view/images/placeholder_cars/placeholder_cars_1.png'),(4337,1691,'view/images/placeholder_cars/placeholder_cars_2.png'),(4338,1691,'view/images/placeholder_cars/placeholder_cars_3.png'),(4339,1692,'view/images/placeholder_cars/placeholder_cars_1.png'),(4340,1692,'view/images/placeholder_cars/placeholder_cars_2.png'),(4341,1692,'view/images/placeholder_cars/placeholder_cars_3.png'),(4342,1693,'view/images/placeholder_cars/placeholder_cars_1.png'),(4343,1693,'view/images/placeholder_cars/placeholder_cars_2.png'),(4344,1693,'view/images/placeholder_cars/placeholder_cars_3.png'),(4345,1694,'view/images/placeholder_cars/placeholder_cars_1.png'),(4346,1694,'view/images/placeholder_cars/placeholder_cars_2.png'),(4347,1694,'view/images/placeholder_cars/placeholder_cars_3.png'),(4348,1695,'view/images/placeholder_cars/placeholder_cars_1.png'),(4349,1695,'view/images/placeholder_cars/placeholder_cars_2.png'),(4350,1695,'view/images/placeholder_cars/placeholder_cars_3.png'),(4351,1696,'view/images/placeholder_cars/placeholder_cars_1.png'),(4352,1696,'view/images/placeholder_cars/placeholder_cars_2.png'),(4353,1696,'view/images/placeholder_cars/placeholder_cars_3.png'),(4354,1697,'view/images/placeholder_cars/placeholder_cars_1.png'),(4355,1697,'view/images/placeholder_cars/placeholder_cars_2.png'),(4356,1697,'view/images/placeholder_cars/placeholder_cars_3.png'),(4357,1698,'view/images/placeholder_cars/placeholder_cars_1.png'),(4358,1698,'view/images/placeholder_cars/placeholder_cars_2.png'),(4359,1698,'view/images/placeholder_cars/placeholder_cars_3.png'),(4360,1699,'view/images/placeholder_cars/placeholder_cars_1.png'),(4361,1699,'view/images/placeholder_cars/placeholder_cars_2.png'),(4362,1699,'view/images/placeholder_cars/placeholder_cars_3.png'),(4363,1700,'view/images/placeholder_cars/placeholder_cars_1.png'),(4364,1700,'view/images/placeholder_cars/placeholder_cars_2.png'),(4365,1700,'view/images/placeholder_cars/placeholder_cars_3.png'),(4366,1701,'view/images/placeholder_cars/placeholder_cars_1.png'),(4367,1701,'view/images/placeholder_cars/placeholder_cars_2.png'),(4368,1701,'view/images/placeholder_cars/placeholder_cars_3.png'),(4369,1702,'view/images/placeholder_cars/placeholder_cars_1.png'),(4370,1702,'view/images/placeholder_cars/placeholder_cars_2.png'),(4371,1702,'view/images/placeholder_cars/placeholder_cars_3.png'),(4372,1703,'view/images/placeholder_cars/placeholder_cars_1.png'),(4373,1703,'view/images/placeholder_cars/placeholder_cars_2.png'),(4374,1703,'view/images/placeholder_cars/placeholder_cars_3.png'),(4375,1704,'view/images/placeholder_cars/placeholder_cars_1.png'),(4376,1704,'view/images/placeholder_cars/placeholder_cars_2.png'),(4377,1704,'view/images/placeholder_cars/placeholder_cars_3.png'),(4378,1705,'view/images/placeholder_cars/placeholder_cars_1.png'),(4379,1705,'view/images/placeholder_cars/placeholder_cars_2.png'),(4380,1705,'view/images/placeholder_cars/placeholder_cars_3.png'),(4381,1706,'view/images/placeholder_cars/placeholder_cars_1.png'),(4382,1706,'view/images/placeholder_cars/placeholder_cars_2.png'),(4383,1706,'view/images/placeholder_cars/placeholder_cars_3.png'),(4384,1707,'view/images/placeholder_cars/placeholder_cars_1.png'),(4385,1707,'view/images/placeholder_cars/placeholder_cars_2.png'),(4386,1707,'view/images/placeholder_cars/placeholder_cars_3.png'),(4387,1708,'view/images/placeholder_cars/placeholder_cars_1.png'),(4388,1708,'view/images/placeholder_cars/placeholder_cars_2.png'),(4389,1708,'view/images/placeholder_cars/placeholder_cars_3.png'),(4390,1709,'view/images/placeholder_cars/placeholder_cars_1.png'),(4391,1709,'view/images/placeholder_cars/placeholder_cars_2.png'),(4392,1709,'view/images/placeholder_cars/placeholder_cars_3.png'),(4393,1710,'view/images/placeholder_cars/placeholder_cars_1.png'),(4394,1710,'view/images/placeholder_cars/placeholder_cars_2.png'),(4395,1710,'view/images/placeholder_cars/placeholder_cars_3.png'),(4396,1711,'view/images/placeholder_cars/placeholder_cars_1.png'),(4397,1711,'view/images/placeholder_cars/placeholder_cars_2.png'),(4398,1711,'view/images/placeholder_cars/placeholder_cars_3.png'),(4399,1712,'view/images/placeholder_cars/placeholder_cars_1.png'),(4400,1712,'view/images/placeholder_cars/placeholder_cars_2.png'),(4401,1712,'view/images/placeholder_cars/placeholder_cars_3.png'),(4402,1713,'view/images/placeholder_cars/placeholder_cars_1.png'),(4403,1713,'view/images/placeholder_cars/placeholder_cars_2.png'),(4404,1713,'view/images/placeholder_cars/placeholder_cars_3.png'),(4405,1714,'view/images/placeholder_cars/placeholder_cars_1.png'),(4406,1714,'view/images/placeholder_cars/placeholder_cars_2.png'),(4407,1714,'view/images/placeholder_cars/placeholder_cars_3.png'),(4408,1715,'view/images/placeholder_cars/placeholder_cars_1.png'),(4409,1715,'view/images/placeholder_cars/placeholder_cars_2.png'),(4410,1715,'view/images/placeholder_cars/placeholder_cars_3.png'),(4411,1716,'view/images/placeholder_cars/placeholder_cars_1.png'),(4412,1716,'view/images/placeholder_cars/placeholder_cars_2.png'),(4413,1716,'view/images/placeholder_cars/placeholder_cars_3.png'),(4414,1717,'view/images/placeholder_cars/placeholder_cars_1.png'),(4415,1717,'view/images/placeholder_cars/placeholder_cars_2.png'),(4416,1717,'view/images/placeholder_cars/placeholder_cars_3.png'),(4417,1718,'view/images/placeholder_cars/placeholder_cars_1.png'),(4418,1718,'view/images/placeholder_cars/placeholder_cars_2.png'),(4419,1718,'view/images/placeholder_cars/placeholder_cars_3.png'),(4420,1719,'view/images/placeholder_cars/placeholder_cars_1.png'),(4421,1719,'view/images/placeholder_cars/placeholder_cars_2.png'),(4422,1719,'view/images/placeholder_cars/placeholder_cars_3.png'),(4423,1720,'view/images/placeholder_cars/placeholder_cars_1.png'),(4424,1720,'view/images/placeholder_cars/placeholder_cars_2.png'),(4425,1720,'view/images/placeholder_cars/placeholder_cars_3.png'),(4426,1721,'view/images/placeholder_cars/placeholder_cars_1.png'),(4427,1721,'view/images/placeholder_cars/placeholder_cars_2.png'),(4428,1721,'view/images/placeholder_cars/placeholder_cars_3.png'),(4429,1722,'view/images/placeholder_cars/placeholder_cars_1.png'),(4430,1722,'view/images/placeholder_cars/placeholder_cars_2.png'),(4431,1722,'view/images/placeholder_cars/placeholder_cars_3.png'),(4432,1723,'view/images/placeholder_cars/placeholder_cars_1.png'),(4433,1723,'view/images/placeholder_cars/placeholder_cars_2.png'),(4434,1723,'view/images/placeholder_cars/placeholder_cars_3.png'),(4435,1724,'view/images/placeholder_cars/placeholder_cars_1.png'),(4436,1724,'view/images/placeholder_cars/placeholder_cars_2.png'),(4437,1724,'view/images/placeholder_cars/placeholder_cars_3.png'),(4438,1725,'view/images/placeholder_cars/placeholder_cars_1.png'),(4439,1725,'view/images/placeholder_cars/placeholder_cars_2.png'),(4440,1725,'view/images/placeholder_cars/placeholder_cars_3.png'),(4441,1726,'view/images/placeholder_cars/placeholder_cars_1.png'),(4442,1726,'view/images/placeholder_cars/placeholder_cars_2.png'),(4443,1726,'view/images/placeholder_cars/placeholder_cars_3.png'),(4444,1727,'view/images/placeholder_cars/placeholder_cars_1.png'),(4445,1727,'view/images/placeholder_cars/placeholder_cars_2.png'),(4446,1727,'view/images/placeholder_cars/placeholder_cars_3.png'),(4447,1728,'view/images/placeholder_cars/placeholder_cars_1.png'),(4448,1728,'view/images/placeholder_cars/placeholder_cars_2.png'),(4449,1728,'view/images/placeholder_cars/placeholder_cars_3.png'),(4450,1729,'view/images/placeholder_cars/placeholder_cars_1.png'),(4451,1729,'view/images/placeholder_cars/placeholder_cars_2.png'),(4452,1729,'view/images/placeholder_cars/placeholder_cars_3.png'),(4453,1730,'view/images/placeholder_cars/placeholder_cars_1.png'),(4454,1730,'view/images/placeholder_cars/placeholder_cars_2.png'),(4455,1730,'view/images/placeholder_cars/placeholder_cars_3.png'),(4456,1731,'view/images/placeholder_cars/placeholder_cars_1.png'),(4457,1731,'view/images/placeholder_cars/placeholder_cars_2.png'),(4458,1731,'view/images/placeholder_cars/placeholder_cars_3.png'),(4459,1732,'view/images/placeholder_cars/placeholder_cars_1.png'),(4460,1732,'view/images/placeholder_cars/placeholder_cars_2.png'),(4461,1732,'view/images/placeholder_cars/placeholder_cars_3.png'),(4462,1733,'view/images/placeholder_cars/placeholder_cars_1.png'),(4463,1733,'view/images/placeholder_cars/placeholder_cars_2.png'),(4464,1733,'view/images/placeholder_cars/placeholder_cars_3.png'),(4465,1734,'view/images/placeholder_cars/placeholder_cars_1.png'),(4466,1734,'view/images/placeholder_cars/placeholder_cars_2.png'),(4467,1734,'view/images/placeholder_cars/placeholder_cars_3.png'),(4468,1735,'view/images/placeholder_cars/placeholder_cars_1.png'),(4469,1735,'view/images/placeholder_cars/placeholder_cars_2.png'),(4470,1735,'view/images/placeholder_cars/placeholder_cars_3.png'),(4471,1736,'view/images/placeholder_cars/placeholder_cars_1.png'),(4472,1736,'view/images/placeholder_cars/placeholder_cars_2.png'),(4473,1736,'view/images/placeholder_cars/placeholder_cars_3.png'),(4474,1737,'view/images/placeholder_cars/placeholder_cars_1.png'),(4475,1737,'view/images/placeholder_cars/placeholder_cars_2.png'),(4476,1737,'view/images/placeholder_cars/placeholder_cars_3.png'),(4477,1738,'view/images/placeholder_cars/placeholder_cars_1.png'),(4478,1738,'view/images/placeholder_cars/placeholder_cars_2.png'),(4479,1738,'view/images/placeholder_cars/placeholder_cars_3.png'),(4480,1739,'view/images/placeholder_cars/placeholder_cars_1.png'),(4481,1739,'view/images/placeholder_cars/placeholder_cars_2.png'),(4482,1739,'view/images/placeholder_cars/placeholder_cars_3.png'),(4483,1740,'view/images/placeholder_cars/placeholder_cars_1.png'),(4484,1740,'view/images/placeholder_cars/placeholder_cars_2.png'),(4485,1740,'view/images/placeholder_cars/placeholder_cars_3.png'),(4486,1741,'view/images/placeholder_cars/placeholder_cars_1.png'),(4487,1741,'view/images/placeholder_cars/placeholder_cars_2.png'),(4488,1741,'view/images/placeholder_cars/placeholder_cars_3.png'),(4489,1742,'view/images/placeholder_cars/placeholder_cars_1.png'),(4490,1742,'view/images/placeholder_cars/placeholder_cars_2.png'),(4491,1742,'view/images/placeholder_cars/placeholder_cars_3.png'),(4492,1743,'view/images/placeholder_cars/placeholder_cars_1.png'),(4493,1743,'view/images/placeholder_cars/placeholder_cars_2.png'),(4494,1743,'view/images/placeholder_cars/placeholder_cars_3.png'),(4495,1744,'view/images/placeholder_cars/placeholder_cars_1.png'),(4496,1744,'view/images/placeholder_cars/placeholder_cars_2.png'),(4497,1744,'view/images/placeholder_cars/placeholder_cars_3.png'),(4498,1745,'view/images/placeholder_cars/placeholder_cars_1.png'),(4499,1745,'view/images/placeholder_cars/placeholder_cars_2.png'),(4500,1745,'view/images/placeholder_cars/placeholder_cars_3.png'),(4501,1746,'view/images/placeholder_cars/placeholder_cars_1.png'),(4502,1746,'view/images/placeholder_cars/placeholder_cars_2.png'),(4503,1746,'view/images/placeholder_cars/placeholder_cars_3.png'),(4504,1747,'view/images/placeholder_cars/placeholder_cars_1.png'),(4505,1747,'view/images/placeholder_cars/placeholder_cars_2.png'),(4506,1747,'view/images/placeholder_cars/placeholder_cars_3.png'),(4507,1748,'view/images/placeholder_cars/placeholder_cars_1.png'),(4508,1748,'view/images/placeholder_cars/placeholder_cars_2.png'),(4509,1748,'view/images/placeholder_cars/placeholder_cars_3.png'),(4510,1749,'view/images/placeholder_cars/placeholder_cars_1.png'),(4511,1749,'view/images/placeholder_cars/placeholder_cars_2.png'),(4512,1749,'view/images/placeholder_cars/placeholder_cars_3.png'),(4513,1750,'view/images/placeholder_cars/placeholder_cars_1.png'),(4514,1750,'view/images/placeholder_cars/placeholder_cars_2.png'),(4515,1750,'view/images/placeholder_cars/placeholder_cars_3.png'),(4516,1751,'view/images/placeholder_cars/placeholder_cars_1.png'),(4517,1751,'view/images/placeholder_cars/placeholder_cars_2.png'),(4518,1751,'view/images/placeholder_cars/placeholder_cars_3.png'),(4519,1752,'view/images/placeholder_cars/placeholder_cars_1.png'),(4520,1752,'view/images/placeholder_cars/placeholder_cars_2.png'),(4521,1752,'view/images/placeholder_cars/placeholder_cars_3.png'),(4522,1753,'view/images/placeholder_cars/placeholder_cars_1.png'),(4523,1753,'view/images/placeholder_cars/placeholder_cars_2.png'),(4524,1753,'view/images/placeholder_cars/placeholder_cars_3.png'),(4525,1754,'view/images/placeholder_cars/placeholder_cars_1.png'),(4526,1754,'view/images/placeholder_cars/placeholder_cars_2.png'),(4527,1754,'view/images/placeholder_cars/placeholder_cars_3.png'),(4528,1755,'view/images/placeholder_cars/placeholder_cars_1.png'),(4529,1755,'view/images/placeholder_cars/placeholder_cars_2.png'),(4530,1755,'view/images/placeholder_cars/placeholder_cars_3.png'),(4531,1756,'view/images/placeholder_cars/placeholder_cars_1.png'),(4532,1756,'view/images/placeholder_cars/placeholder_cars_2.png'),(4533,1756,'view/images/placeholder_cars/placeholder_cars_3.png'),(4534,1757,'view/images/placeholder_cars/placeholder_cars_1.png'),(4535,1757,'view/images/placeholder_cars/placeholder_cars_2.png'),(4536,1757,'view/images/placeholder_cars/placeholder_cars_3.png'),(4537,1758,'view/images/placeholder_cars/placeholder_cars_1.png'),(4538,1758,'view/images/placeholder_cars/placeholder_cars_2.png'),(4539,1758,'view/images/placeholder_cars/placeholder_cars_3.png'),(4540,1759,'view/images/placeholder_cars/placeholder_cars_1.png'),(4541,1759,'view/images/placeholder_cars/placeholder_cars_2.png'),(4542,1759,'view/images/placeholder_cars/placeholder_cars_3.png'),(4543,1760,'view/images/placeholder_cars/placeholder_cars_1.png'),(4544,1760,'view/images/placeholder_cars/placeholder_cars_2.png'),(4545,1760,'view/images/placeholder_cars/placeholder_cars_3.png'),(4546,1761,'view/images/placeholder_cars/placeholder_cars_1.png'),(4547,1761,'view/images/placeholder_cars/placeholder_cars_2.png'),(4548,1761,'view/images/placeholder_cars/placeholder_cars_3.png'),(4549,1762,'view/images/placeholder_cars/placeholder_cars_1.png'),(4550,1762,'view/images/placeholder_cars/placeholder_cars_2.png'),(4551,1762,'view/images/placeholder_cars/placeholder_cars_3.png'),(4552,1763,'view/images/placeholder_cars/placeholder_cars_1.png'),(4553,1763,'view/images/placeholder_cars/placeholder_cars_2.png'),(4554,1763,'view/images/placeholder_cars/placeholder_cars_3.png'),(4555,1764,'view/images/placeholder_cars/placeholder_cars_1.png'),(4556,1764,'view/images/placeholder_cars/placeholder_cars_2.png'),(4557,1764,'view/images/placeholder_cars/placeholder_cars_3.png'),(4558,1765,'view/images/placeholder_cars/placeholder_cars_1.png'),(4559,1765,'view/images/placeholder_cars/placeholder_cars_2.png'),(4560,1765,'view/images/placeholder_cars/placeholder_cars_3.png'),(4561,1766,'view/images/placeholder_cars/placeholder_cars_1.png'),(4562,1766,'view/images/placeholder_cars/placeholder_cars_2.png'),(4563,1766,'view/images/placeholder_cars/placeholder_cars_3.png'),(4564,1767,'view/images/placeholder_cars/placeholder_cars_1.png'),(4565,1767,'view/images/placeholder_cars/placeholder_cars_2.png'),(4566,1767,'view/images/placeholder_cars/placeholder_cars_3.png'),(4567,1768,'view/images/placeholder_cars/placeholder_cars_1.png'),(4568,1768,'view/images/placeholder_cars/placeholder_cars_2.png'),(4569,1768,'view/images/placeholder_cars/placeholder_cars_3.png'),(4570,1769,'view/images/placeholder_cars/placeholder_cars_1.png'),(4571,1769,'view/images/placeholder_cars/placeholder_cars_2.png'),(4572,1769,'view/images/placeholder_cars/placeholder_cars_3.png'),(4573,1770,'view/images/placeholder_cars/placeholder_cars_1.png'),(4574,1770,'view/images/placeholder_cars/placeholder_cars_2.png'),(4575,1770,'view/images/placeholder_cars/placeholder_cars_3.png'),(4576,1771,'view/images/placeholder_cars/placeholder_cars_1.png'),(4577,1771,'view/images/placeholder_cars/placeholder_cars_2.png'),(4578,1771,'view/images/placeholder_cars/placeholder_cars_3.png'),(4579,1772,'view/images/placeholder_cars/placeholder_cars_1.png'),(4580,1772,'view/images/placeholder_cars/placeholder_cars_2.png'),(4581,1772,'view/images/placeholder_cars/placeholder_cars_3.png'),(4582,1773,'view/images/placeholder_cars/placeholder_cars_1.png'),(4583,1773,'view/images/placeholder_cars/placeholder_cars_2.png'),(4584,1773,'view/images/placeholder_cars/placeholder_cars_3.png'),(4585,1774,'view/images/placeholder_cars/placeholder_cars_1.png'),(4586,1774,'view/images/placeholder_cars/placeholder_cars_2.png'),(4587,1774,'view/images/placeholder_cars/placeholder_cars_3.png'),(4588,1775,'view/images/placeholder_cars/placeholder_cars_1.png'),(4589,1775,'view/images/placeholder_cars/placeholder_cars_2.png'),(4590,1775,'view/images/placeholder_cars/placeholder_cars_3.png'),(4591,1776,'view/images/placeholder_cars/placeholder_cars_1.png'),(4592,1776,'view/images/placeholder_cars/placeholder_cars_2.png'),(4593,1776,'view/images/placeholder_cars/placeholder_cars_3.png'),(4594,1777,'view/images/placeholder_cars/placeholder_cars_1.png'),(4595,1777,'view/images/placeholder_cars/placeholder_cars_2.png'),(4596,1777,'view/images/placeholder_cars/placeholder_cars_3.png'),(4597,1778,'view/images/placeholder_cars/placeholder_cars_1.png'),(4598,1778,'view/images/placeholder_cars/placeholder_cars_2.png'),(4599,1778,'view/images/placeholder_cars/placeholder_cars_3.png'),(4600,1779,'view/images/placeholder_cars/placeholder_cars_1.png'),(4601,1779,'view/images/placeholder_cars/placeholder_cars_2.png'),(4602,1779,'view/images/placeholder_cars/placeholder_cars_3.png'),(4603,1780,'view/images/placeholder_cars/placeholder_cars_1.png'),(4604,1780,'view/images/placeholder_cars/placeholder_cars_2.png'),(4605,1780,'view/images/placeholder_cars/placeholder_cars_3.png'),(4606,1781,'view/images/placeholder_cars/placeholder_cars_1.png'),(4607,1781,'view/images/placeholder_cars/placeholder_cars_2.png'),(4608,1781,'view/images/placeholder_cars/placeholder_cars_3.png'),(4609,1782,'view/images/placeholder_cars/placeholder_cars_1.png'),(4610,1782,'view/images/placeholder_cars/placeholder_cars_2.png'),(4611,1782,'view/images/placeholder_cars/placeholder_cars_3.png'),(4612,1783,'view/images/placeholder_cars/placeholder_cars_1.png'),(4613,1783,'view/images/placeholder_cars/placeholder_cars_2.png'),(4614,1783,'view/images/placeholder_cars/placeholder_cars_3.png'),(4615,1784,'view/images/placeholder_cars/placeholder_cars_1.png'),(4616,1784,'view/images/placeholder_cars/placeholder_cars_2.png'),(4617,1784,'view/images/placeholder_cars/placeholder_cars_3.png');
/*!40000 ALTER TABLE `car_img` ENABLE KEYS */;
UNLOCK TABLES;

--
-- Table structure for table `category`
--

DROP TABLE IF EXISTS `category`;
/*!40101 SET @saved_cs_client     = @@character_set_client */;
/*!50503 SET character_set_client = utf8mb4 */;
CREATE TABLE `category` (
  `category_id` int NOT NULL AUTO_INCREMENT,
  `category_name` char(30) DEFAULT NULL,
  `category_img` varchar(50) CHARACTER SET utf8mb4 COLLATE utf8mb4_0900_ai_ci DEFAULT NULL,
  PRIMARY KEY (`category_id`),
  UNIQUE KEY `uniq_cat_nme` (`category_name`)
) ENGINE=InnoDB AUTO_INCREMENT=6 DEFAULT CHARSET=utf8mb4 COLLATE=utf8mb4_0900_ai_ci;
/*!40101 SET character_set_client = @saved_cs_client */;

--
-- Dumping data for table `category`
--

LOCK TABLES `category` WRITE;
/*!40000 ALTER TABLE `category` DISABLE KEYS */;
INSERT INTO `category` VALUES (1,'Preowned','view/images/category/pre-owned.png'),(2,'Km 0','view/images/category/0km.png'),(3,'Economic','view/images/category/economic.jpg'),(4,'Second Hand','view/images/category/second.jpeg'),(5,'Adapted','view/images/category/adapted.jpeg');
/*!40000 ALTER TABLE `category` ENABLE KEYS */;
UNLOCK TABLES;

--
-- Table structure for table `error`
--

DROP TABLE IF EXISTS `error`;
/*!40101 SET @saved_cs_client     = @@character_set_client */;
/*!50503 SET character_set_client = utf8mb4 */;
CREATE TABLE `error` (
  `error_id` int NOT NULL AUTO_INCREMENT,
  `error_date` datetime NOT NULL,
  `error_type` int DEFAULT NULL,
  `error_description` char(50) CHARACTER SET utf8mb4 COLLATE utf8mb4_0900_ai_ci DEFAULT NULL,
  PRIMARY KEY (`error_id`)
) ENGINE=InnoDB AUTO_INCREMENT=502 DEFAULT CHARSET=utf8mb4 COLLATE=utf8mb4_0900_ai_ci;
/*!40101 SET character_set_client = @saved_cs_client */;

--
-- Dumping data for table `error`
--

LOCK TABLES `error` WRITE;
/*!40000 ALTER TABLE `error` DISABLE KEYS */;
/*!40000 ALTER TABLE `error` ENABLE KEYS */;
UNLOCK TABLES;

--
-- Table structure for table `fuel_type`
--

DROP TABLE IF EXISTS `fuel_type`;
/*!40101 SET @saved_cs_client     = @@character_set_client */;
/*!50503 SET character_set_client = utf8mb4 */;
CREATE TABLE `fuel_type` (
  `fuel_type_id` int NOT NULL AUTO_INCREMENT,
  `fuel_type_name` char(30) DEFAULT NULL,
  `fuel_type_img` varchar(50) CHARACTER SET utf8mb4 COLLATE utf8mb4_0900_ai_ci DEFAULT NULL,
  PRIMARY KEY (`fuel_type_id`),
  UNIQUE KEY `fuel_type_uniq` (`fuel_type_name`)
) ENGINE=InnoDB AUTO_INCREMENT=5 DEFAULT CHARSET=utf8mb4 COLLATE=utf8mb4_0900_ai_ci;
/*!40101 SET character_set_client = @saved_cs_client */;

--
-- Dumping data for table `fuel_type`
--

LOCK TABLES `fuel_type` WRITE;
/*!40000 ALTER TABLE `fuel_type` DISABLE KEYS */;
INSERT INTO `fuel_type` VALUES (1,'Hybrid','view/images/fuel_type/hybrid.jpg'),(2,'Gasoline','view/images/fuel_type/gasoline.jpg'),(3,'Gasoil','view/images/fuel_type/gasoil.jpg'),(4,'Electric','view/images/fuel_type/electric.jpeg');
/*!40000 ALTER TABLE `fuel_type` ENABLE KEYS */;
UNLOCK TABLES;

--
-- Table structure for table `likes`
--

DROP TABLE IF EXISTS `likes`;
/*!40101 SET @saved_cs_client     = @@character_set_client */;
/*!50503 SET character_set_client = utf8mb4 */;
CREATE TABLE `likes` (
  `username_like` char(20) NOT NULL,
  `car_like` int NOT NULL,
  PRIMARY KEY (`username_like`,`car_like`),
  KEY `car_like` (`car_like`),
  CONSTRAINT `likes_ibfk_1` FOREIGN KEY (`username_like`) REFERENCES `user` (`username`),
  CONSTRAINT `likes_ibfk_2` FOREIGN KEY (`car_like`) REFERENCES `car` (`car_id`)
) ENGINE=InnoDB DEFAULT CHARSET=utf8mb4 COLLATE=utf8mb4_0900_ai_ci;
/*!40101 SET character_set_client = @saved_cs_client */;

--
-- Dumping data for table `likes`
--

LOCK TABLES `likes` WRITE;
/*!40000 ALTER TABLE `likes` DISABLE KEYS */;
INSERT INTO `likes` VALUES ('qqqq',1692),('qqqq',1710),('qqqq',1711),('qqqq',1712),('qqqq',1726),('qqqq',1749),('qqqq',1753),('qqqq',1762),('qqqq',1763);
/*!40000 ALTER TABLE `likes` ENABLE KEYS */;
UNLOCK TABLES;

--
-- Table structure for table `models`
--

DROP TABLE IF EXISTS `models`;
/*!40101 SET @saved_cs_client     = @@character_set_client */;
/*!50503 SET character_set_client = utf8mb4 */;
CREATE TABLE `models` (
  `model_id` int NOT NULL AUTO_INCREMENT,
  `model_name` char(30) DEFAULT NULL,
  `model_brand` int DEFAULT NULL,
  `model_img` char(50) CHARACTER SET utf8mb4 COLLATE utf8mb4_0900_ai_ci DEFAULT NULL,
  PRIMARY KEY (`model_id`),
  UNIQUE KEY `model_name` (`model_name`),
  KEY `model_brand` (`model_brand`),
  CONSTRAINT `models_ibfk_1` FOREIGN KEY (`model_brand`) REFERENCES `brands` (`brand_id`)
) ENGINE=InnoDB AUTO_INCREMENT=895 DEFAULT CHARSET=utf8mb4 COLLATE=utf8mb4_0900_ai_ci;
/*!40101 SET character_set_client = @saved_cs_client */;

--
-- Dumping data for table `models`
--

LOCK TABLES `models` WRITE;
/*!40000 ALTER TABLE `models` DISABLE KEYS */;
INSERT INTO `models` VALUES (2,'a',900,NULL),(3,'Alhambra',1144,NULL),(4,'Altea',1144,NULL),(5,'Altea XL',1144,NULL),(6,'Arosa',1144,NULL),(7,'Cordoba',1144,NULL),(8,'Cordoba Vario',1144,NULL),(9,'Exeo',1144,NULL),(10,'Ibiza',1144,NULL),(11,'Ibiza ST',1144,NULL),(12,'Exeo ST',1144,NULL),(13,'Leon',1144,NULL),(14,'Leon ST',1144,NULL),(15,'Inca',1144,NULL),(16,'Mii',1144,NULL),(17,'Toledo',1144,NULL),(18,'Captur',1124,NULL),(19,'Clio',1124,NULL),(20,'Clio Grandtour',1124,NULL),(21,'Espace',1124,NULL),(22,'Express',1124,NULL),(23,'Fluence',1124,NULL),(24,'Grand Espace',1124,NULL),(25,'Grand Modus',1124,NULL),(26,'Grand Scenic',1124,NULL),(27,'Kadjar',1124,NULL),(28,'Kangoo',1124,NULL),(29,'Kangoo Express',1124,NULL),(30,'Koleos',1124,NULL),(31,'Laguna',1124,NULL),(32,'Laguna Grandtour',1124,NULL),(33,'Latitude',1124,NULL),(34,'Mascott',1124,NULL),(35,'Mégane',1124,NULL),(36,'Mégane CC',1124,NULL),(37,'Mégane Combi',1124,NULL),(38,'Mégane Grandtour',1124,NULL),(39,'Mégane Coupé',1124,NULL),(40,'Mégane Scénic',1124,NULL),(41,'Scénic',1124,NULL),(42,'Talisman',1124,NULL),(43,'Talisman Grandtour',1124,NULL),(44,'Thalia',1124,NULL),(45,'Twingo',1124,NULL),(46,'Wind',1124,NULL),(47,'Zoé',1124,NULL),(48,'1007',1107,NULL),(49,'107',1107,NULL),(50,'106',1107,NULL),(51,'108',1107,NULL),(52,'2008',1107,NULL),(53,'205',1107,NULL),(54,'205 Cabrio',1107,NULL),(55,'206',1107,NULL),(56,'206 CC',1107,NULL),(57,'206 SW',1107,NULL),(58,'207',1107,NULL),(59,'207 CC',1107,NULL),(60,'207 SW',1107,NULL),(61,'306',1107,NULL),(62,'307',1107,NULL),(63,'307 CC',1107,NULL),(64,'307 SW',1107,NULL),(65,'308',1107,NULL),(66,'308 CC',1107,NULL),(67,'308 SW',1107,NULL),(68,'309',1107,NULL),(69,'4007',1107,NULL),(70,'4008',1107,NULL),(71,'405',1107,NULL),(72,'406',1107,NULL),(73,'407',1107,NULL),(74,'407 SW',1107,NULL),(75,'5008',1107,NULL),(76,'508',1107,NULL),(77,'508 SW',1107,NULL),(78,'605',1107,NULL),(79,'806',1107,NULL),(80,'607',1107,NULL),(81,'807',1107,NULL),(82,'Bipper',1107,NULL),(83,'RCZ',1107,NULL),(84,'Dokker',917,NULL),(85,'Duster',917,NULL),(86,'Lodgy',917,NULL),(87,'Logan',917,NULL),(88,'Logan MCV',917,NULL),(89,'Logan Van',917,NULL),(90,'Sandero',917,NULL),(91,'Solenza',917,NULL),(92,'Berlingo',913,NULL),(93,'C-Crosser',913,NULL),(94,'C-Elissée',913,NULL),(95,'C-Zero',913,NULL),(96,'C1',913,NULL),(97,'C2',913,NULL),(98,'C3',913,NULL),(99,'C3 Picasso',913,NULL),(100,'C4',913,NULL),(101,'C4 Aircross',913,NULL),(102,'C4 Cactus',913,NULL),(103,'C4 Coupé',913,NULL),(104,'C4 Grand Picasso',913,NULL),(105,'C4 Sedan',913,NULL),(106,'C5',913,NULL),(107,'C5 Break',913,NULL),(108,'C5 Tourer',913,NULL),(109,'C6',913,NULL),(110,'C8',913,NULL),(111,'DS3',913,NULL),(112,'DS4',913,NULL),(113,'DS5',913,NULL),(114,'Evasion',913,NULL),(115,'Jumper',913,NULL),(116,'Jumpy',913,NULL),(117,'Saxo',913,NULL),(118,'Nemo',913,NULL),(119,'Xantia',913,NULL),(120,'Xsara',913,NULL),(121,'Agila',1097,NULL),(122,'Ampera',1097,NULL),(123,'Antara',1097,NULL),(124,'Astra',1097,NULL),(125,'Astra cabrio',1097,NULL),(126,'Astra caravan',1097,NULL),(127,'Astra coupé',1097,NULL),(128,'Calibra',1097,NULL),(129,'Campo',1097,NULL),(130,'Cascada',1097,NULL),(131,'Corsa',1097,NULL),(132,'Frontera',1097,NULL),(133,'Insignia',1097,NULL),(134,'Insignia kombi',1097,NULL),(135,'Kadett',1097,NULL),(136,'Meriva',1097,NULL),(137,'Mokka',1097,NULL),(138,'Movano',1097,NULL),(139,'Omega',1097,NULL),(140,'Signum',1097,NULL),(141,'Vectra',1097,NULL),(142,'Vectra Caravan',1097,NULL),(143,'Vivaro',1097,NULL),(144,'Vivaro Kombi',1097,NULL),(145,'Zafira',1097,NULL),(146,'145',1097,NULL),(147,'146',1097,NULL),(148,'147',1097,NULL),(149,'155',1097,NULL),(150,'156',1097,NULL),(151,'156 Sportwagon',1097,NULL),(152,'159',1097,NULL),(153,'159 Sportwagon',1097,NULL),(154,'164',1097,NULL),(155,'166',1097,NULL),(156,'4C',1097,NULL),(157,'Brera',1097,NULL),(158,'GTV',1097,NULL),(159,'MiTo',1097,NULL),(160,'Crosswagon',1097,NULL),(161,'Spider',1097,NULL),(162,'GT',1097,NULL),(163,'Giulietta',1097,NULL),(164,'Giulia',1097,NULL),(165,'Favorit',1152,NULL),(166,'Felicia',1152,NULL),(167,'Citigo',1152,NULL),(168,'Fabia',1152,NULL),(169,'Fabia Combi',1152,NULL),(170,'Fabia Sedan',1152,NULL),(171,'Felicia Combi',1152,NULL),(172,'Octavia',1152,NULL),(173,'Octavia Combi',1152,NULL),(174,'Roomster',1152,NULL),(175,'Yeti',1152,NULL),(176,'Rapid',1152,NULL),(177,'Rapid Spaceback',1152,NULL),(178,'Superb',1152,NULL),(179,'Superb Combi',1152,NULL),(180,'Alero',910,NULL),(181,'Aveo',910,NULL),(182,'Camaro',910,NULL),(183,'Captiva',910,NULL),(184,'Corvette',910,NULL),(185,'Cruze',910,NULL),(186,'Cruze SW',910,NULL),(187,'Epica',910,NULL),(188,'Equinox',910,NULL),(189,'Evanda',910,NULL),(190,'HHR',910,NULL),(191,'Kalos',910,NULL),(192,'Lacetti',910,NULL),(193,'Lacetti SW',910,NULL),(194,'Lumina',910,NULL),(195,'Malibu',910,NULL),(196,'Matiz',910,NULL),(197,'Monte Carlo',910,NULL),(198,'Nubira',910,NULL),(199,'Orlando',910,NULL),(200,'Spark',910,NULL),(201,'Suburban',910,NULL),(202,'Tacuma',910,NULL),(203,'Tahoe',910,NULL),(204,'Trax',910,NULL),(205,'911 Carrera',1114,NULL),(206,'911 Carrera Cabrio',1114,NULL),(207,'911 Targa',1114,NULL),(208,'911 Turbo',1114,NULL),(209,'924',1114,NULL),(210,'944',1114,NULL),(211,'997',1114,NULL),(212,'Boxster',1114,NULL),(213,'Cayenne',1114,NULL),(214,'Cayman',1114,NULL),(215,'Macan',1114,NULL),(216,'Panamera',1114,NULL),(217,'Accord',997,NULL),(218,'Accord Coupé',997,NULL),(219,'Accord Tourer',997,NULL),(220,'City',997,NULL),(221,'Civic',997,NULL),(222,'Civic Aerodeck',997,NULL),(223,'Civic Coupé',997,NULL),(224,'Civic Tourer',997,NULL),(225,'Civic Type R',997,NULL),(226,'CR-V',997,NULL),(227,'CR-X',997,NULL),(228,'CR-Z',997,NULL),(229,'FR-V',997,NULL),(230,'HR-V',997,NULL),(231,'Insight',997,NULL),(232,'Integra',997,NULL),(233,'Jazz',997,NULL),(234,'Legend',997,NULL),(235,'Prelude',997,NULL),(236,'BRZ',1163,NULL),(237,'Forester',1163,NULL),(238,'Impreza',1163,NULL),(239,'Impreza Wagon',1163,NULL),(240,'Justy',1163,NULL),(241,'Legacy',1163,NULL),(242,'Legacy Wagon',1163,NULL),(243,'Legacy Outback',1163,NULL),(244,'Levorg',1163,NULL),(245,'Outback',1163,NULL),(246,'SVX',1163,NULL),(247,'Tribeca',1163,NULL),(248,'Tribeca B9',1163,NULL),(249,'XV',1163,NULL),(250,'121',1068,NULL),(251,'2',1068,NULL),(252,'3',1068,NULL),(253,'323',1068,NULL),(254,'323 Combi',1068,NULL),(255,'323 Coupé',1068,NULL),(256,'323 F',1068,NULL),(257,'5',1068,NULL),(258,'6',1068,NULL),(259,'6 Combi',1068,NULL),(260,'626',1068,NULL),(261,'626 Combi',1068,NULL),(262,'B-Fighter',1068,NULL),(263,'B2500',1068,NULL),(264,'BT',1068,NULL),(265,'CX-3',1068,NULL),(266,'CX-5',1068,NULL),(267,'CX-7',1068,NULL),(268,'CX-9',1068,NULL),(269,'Demio',1068,NULL),(270,'MPV',1068,NULL),(271,'MX-3',1068,NULL),(272,'MX-5',1068,NULL),(273,'MX-6',1068,NULL),(274,'Premacy',1068,NULL),(275,'RX-7',1068,NULL),(276,'RX-8',1068,NULL),(277,'Xedox 6',1068,NULL),(278,'3000 GT',1081,NULL),(279,'ASX',1081,NULL),(280,'Carisma',1081,NULL),(281,'Colt',1081,NULL),(282,'Colt CC',1081,NULL),(283,'Eclipse',1081,NULL),(284,'Fuso canter',1081,NULL),(285,'Galant',1081,NULL),(286,'Galant Combi',1081,NULL),(287,'Grandis',1081,NULL),(288,'L200',1081,NULL),(289,'L200 Pick up',1081,NULL),(290,'L200 Pick up Allrad',1081,NULL),(291,'L300',1081,NULL),(292,'Lancer',1081,NULL),(293,'Lancer Combi',1081,NULL),(294,'Lancer Evo',1081,NULL),(295,'Lancer Sportback',1081,NULL),(296,'Outlander',1081,NULL),(297,'Pajero',1081,NULL),(298,'Pajeto Pinin',1081,NULL),(299,'Pajero Pinin Wagon',1081,NULL),(300,'Pajero Sport',1081,NULL),(301,'Pajero Wagon',1081,NULL),(302,'Space Star',1081,NULL),(303,'CT',1044,NULL),(304,'GS',1044,NULL),(305,'GS 300',1044,NULL),(306,'GX',1044,NULL),(307,'IS',1044,NULL),(308,'IS 200',1044,NULL),(309,'IS 250 C',1044,NULL),(310,'IS-F',1044,NULL),(311,'LS',1044,NULL),(312,'LX',1044,NULL),(313,'NX',1044,NULL),(314,'RC F',1044,NULL),(315,'RX',1044,NULL),(316,'RX 300',1044,NULL),(317,'RX 400h',1044,NULL),(318,'RX 450h',1044,NULL),(319,'SC 430',1044,NULL),(320,'4-Runner',1174,NULL),(321,'Auris',1174,NULL),(322,'Avensis',1174,NULL),(323,'Avensis Combi',1174,NULL),(324,'Avensis Van Verso',1174,NULL),(325,'Aygo',1174,NULL),(326,'Camry',1174,NULL),(327,'Carina',1174,NULL),(328,'Celica',1174,NULL),(329,'Corolla',1174,NULL),(330,'Corolla Combi',1174,NULL),(331,'Corolla sedan',1174,NULL),(332,'Corolla Verso',1174,NULL),(333,'FJ Cruiser',1174,NULL),(334,'GT86',1174,NULL),(335,'Hiace',1174,NULL),(336,'Hiace Van',1174,NULL),(337,'Highlander',1174,NULL),(338,'Hilux',1174,NULL),(339,'Land Cruiser',1174,NULL),(340,'MR2',1174,NULL),(341,'Paseo',1174,NULL),(342,'Picnic',1174,NULL),(343,'Prius',1174,NULL),(344,'RAV4',1174,NULL),(345,'Sequoia',1174,NULL),(346,'Starlet',1174,NULL),(347,'Supra',1174,NULL),(348,'Tundra',1174,NULL),(349,'Urban Cruiser',1174,NULL),(350,'Verso',1174,NULL),(351,'Yaris',1174,NULL),(352,'Yaris Verso',1174,NULL),(353,'i3',887,NULL),(354,'i8',887,NULL),(355,'M3',887,NULL),(356,'M4',887,NULL),(357,'M5',887,NULL),(358,'M6',887,NULL),(359,'Rad 1',887,NULL),(360,'Rad 1 Cabrio',887,NULL),(361,'Rad 1 Coupé',887,NULL),(362,'Rad 2',887,NULL),(363,'Rad 2 Active Tourer',887,NULL),(364,'Rad 2 Coupé',887,NULL),(365,'Rad 2 Gran Tourer',887,NULL),(366,'Rad 3',887,NULL),(367,'Rad 3 Cabrio',887,NULL),(368,'Rad 3 Compact',887,NULL),(369,'Rad 3 Coupé',887,NULL),(370,'Rad 3 GT',887,NULL),(371,'Rad 3 Touring',887,NULL),(372,'Rad 4',887,NULL),(373,'Rad 4 Cabrio',887,NULL),(374,'Rad 4 Gran Coupé',887,NULL),(375,'Rad 5',887,NULL),(376,'Rad 5 GT',887,NULL),(377,'Rad 5 Touring',887,NULL),(378,'Rad 6',887,NULL),(379,'Rad 6 Cabrio',887,NULL),(380,'Rad 6 Coupé',887,NULL),(381,'Rad 6 Gran Coupé',887,NULL),(382,'Rad 7',887,NULL),(383,'Rad 8 Coupé',887,NULL),(384,'X1',887,NULL),(385,'X3',887,NULL),(386,'X4',887,NULL),(387,'X5',887,NULL),(388,'X6',887,NULL),(389,'Z3',887,NULL),(390,'Z3 Coupé',887,NULL),(391,'Z3 Roadster',887,NULL),(392,'Z4',887,NULL),(393,'Z4 Roadster',887,NULL),(394,'Amarok',1191,NULL),(395,'Beetle',1191,NULL),(396,'Bora',1191,NULL),(397,'Bora Variant',1191,NULL),(398,'Caddy',1191,NULL),(399,'Caddy Van',1191,NULL),(400,'Life',1191,NULL),(401,'California',1191,NULL),(402,'Caravelle',1191,NULL),(403,'CC',1191,NULL),(404,'Crafter',1191,NULL),(405,'Crafter Van',1191,NULL),(406,'Crafter Kombi',1191,NULL),(407,'CrossTouran',1191,NULL),(408,'Eos',1191,NULL),(409,'Fox',1191,NULL),(410,'Golf',1191,NULL),(411,'Golf Cabrio',1191,NULL),(412,'Golf Plus',1191,NULL),(413,'Golf Sportvan',1191,NULL),(414,'Golf Variant',1191,NULL),(415,'Jetta',1191,NULL),(416,'LT',1191,NULL),(417,'Lupo',1191,NULL),(418,'Multivan',1191,NULL),(419,'New Beetle',1191,NULL),(420,'New Beetle Cabrio',1191,NULL),(421,'Passat',1191,NULL),(422,'Passat Alltrack',1191,NULL),(423,'Passat CC',1191,NULL),(424,'Passat Variant',1191,NULL),(425,'Passat Variant Van',1191,NULL),(426,'Phaeton',1191,NULL),(427,'Polo',1191,NULL),(428,'Polo Van',1191,NULL),(429,'Polo Variant',1191,NULL),(430,'Scirocco',1191,NULL),(431,'Sharan',1191,NULL),(432,'T4',1191,NULL),(433,'T4 Caravelle',1191,NULL),(434,'T4 Multivan',1191,NULL),(435,'T5',1191,NULL),(436,'T5 Caravelle',1191,NULL),(437,'T5 Multivan',1191,NULL),(438,'T5 Transporter Shuttle',1191,NULL),(439,'Tiguan',1191,NULL),(440,'Touareg',1191,NULL),(441,'Touran',1191,NULL),(442,'Alto',1165,NULL),(443,'Baleno',1165,NULL),(444,'Baleno kombi',1165,NULL),(445,'Grand Vitara',1165,NULL),(446,'Grand Vitara XL-7',1165,NULL),(447,'Ignis',1165,NULL),(448,'Jimny',1165,NULL),(449,'Kizashi',1165,NULL),(450,'Liana',1165,NULL),(451,'Samurai',1165,NULL),(452,'Splash',1165,NULL),(453,'Swift',1165,NULL),(454,'SX4',1165,NULL),(455,'SX4 Sedan',1165,NULL),(456,'Vitara',1165,NULL),(457,'Wagon R+',1165,NULL),(458,'100 D',1074,NULL),(459,'115',1074,NULL),(460,'124',1074,NULL),(461,'126',1074,NULL),(462,'190',1074,NULL),(463,'190 D',1074,NULL),(464,'190 E',1074,NULL),(465,'200 - 300',1074,NULL),(466,'200 D',1074,NULL),(467,'200 E',1074,NULL),(468,'210 Van',1074,NULL),(469,'210 kombi',1074,NULL),(470,'310 Van',1074,NULL),(471,'310 kombi',1074,NULL),(472,'230 - 300 CE Coupé',1074,NULL),(473,'260 - 560 SE',1074,NULL),(474,'260 - 560 SEL',1074,NULL),(475,'500 - 600 SEC Coupé',1074,NULL),(476,'Trieda A',1074,NULL),(478,'A L',1074,NULL),(479,'AMG GT',1074,NULL),(480,'Trieda B',1074,NULL),(481,'Trieda C',1074,NULL),(482,'C',1074,NULL),(483,'C Sportcoupé',1074,NULL),(484,'C T',1074,NULL),(485,'Citan',1074,NULL),(486,'CL',1074,NULL),(488,'CLA',1074,NULL),(489,'CLC',1074,NULL),(490,'CLK Cabrio',1074,NULL),(491,'CLK Coupé',1074,NULL),(492,'CLS',1074,NULL),(493,'Trieda E',1074,NULL),(494,'E',1074,NULL),(495,'E Cabrio',1074,NULL),(496,'E Coupé',1074,NULL),(497,'E T',1074,NULL),(498,'Trieda G',1074,NULL),(499,'G Cabrio',1074,NULL),(500,'GL',1074,NULL),(501,'GLA',1074,NULL),(502,'GLC',1074,NULL),(503,'GLE',1074,NULL),(504,'GLK',1074,NULL),(505,'Trieda M',1074,NULL),(506,'MB 100',1074,NULL),(507,'Trieda R',1074,NULL),(508,'Trieda S',1074,NULL),(509,'S',1074,NULL),(510,'S Coupé',1074,NULL),(511,'SL',1074,NULL),(512,'SLC',1074,NULL),(513,'SLK',1074,NULL),(514,'SLR',1074,NULL),(515,'Sprinter',1074,NULL),(516,'9-3',1137,NULL),(517,'9-3 Cabriolet',1137,NULL),(518,'9-3 Coupé',1137,NULL),(519,'9-3 SportCombi',1137,NULL),(520,'9-5',1137,NULL),(521,'9-5 SportCombi',1137,NULL),(522,'900',1137,NULL),(523,'900 C',1137,NULL),(524,'900 C Turbo',1137,NULL),(525,'9000',1137,NULL),(526,'100',868,NULL),(527,'100 Avant',868,NULL),(528,'80',868,NULL),(529,'80 Avant',868,NULL),(530,'80 Cabrio',868,NULL),(531,'90',868,NULL),(532,'A1',868,NULL),(533,'A2',868,NULL),(534,'A3',868,NULL),(535,'A3 Cabriolet',868,NULL),(536,'A3 Limuzina',868,NULL),(537,'A3 Sportback',868,NULL),(538,'A4',868,NULL),(539,'A4 Allroad',868,NULL),(540,'A4 Avant',868,NULL),(541,'A4 Cabriolet',868,NULL),(542,'A5',868,NULL),(543,'A5 Cabriolet',868,NULL),(544,'A5 Sportback',868,NULL),(545,'A6',868,NULL),(546,'A6 Allroad',868,NULL),(547,'A6 Avant',868,NULL),(548,'A7',868,NULL),(549,'A8',868,NULL),(550,'A8 Long',868,NULL),(551,'Q3',868,NULL),(552,'Q5',868,NULL),(553,'Q7',868,NULL),(554,'R8',868,NULL),(555,'RS4 Cabriolet',868,NULL),(556,'RS4/RS4 Avant',868,NULL),(557,'RS5',868,NULL),(558,'RS6 Avant',868,NULL),(559,'RS7',868,NULL),(560,'S3/S3 Sportback',868,NULL),(561,'S4 Cabriolet',868,NULL),(562,'S4/S4 Avant',868,NULL),(563,'S5/S5 Cabriolet',868,NULL),(564,'S6/RS6',868,NULL),(565,'S7',868,NULL),(566,'S8',868,NULL),(567,'SQ5',868,NULL),(568,'TT Coupé',868,NULL),(569,'TT Roadster',868,NULL),(570,'TTS',868,NULL),(571,'Avella',1032,NULL),(572,'Besta',1032,NULL),(573,'Carens',1032,NULL),(574,'Carnival',1032,NULL),(575,'Cee`d',1032,NULL),(576,'Cee`d SW',1032,NULL),(577,'Cerato',1032,NULL),(578,'K 2500',1032,NULL),(579,'Magentis',1032,NULL),(580,'Opirus',1032,NULL),(581,'Optima',1032,NULL),(582,'Picanto',1032,NULL),(583,'Pregio',1032,NULL),(584,'Pride',1032,NULL),(585,'Pro Cee`d',1032,NULL),(586,'Rio',1032,NULL),(587,'Rio Combi',1032,NULL),(588,'Rio sedan',1032,NULL),(589,'Sephia',1032,NULL),(590,'Shuma',1032,NULL),(591,'Sorento',1032,NULL),(592,'Soul',1032,NULL),(593,'Sportage',1032,NULL),(594,'Venga',1032,NULL),(595,'109',1032,NULL),(596,'Defender',1032,NULL),(597,'Discovery',1032,NULL),(598,'Discovery Sport',1032,NULL),(599,'Freelander',1032,NULL),(600,'Range Rover',1032,NULL),(601,'Range Rover Evoque',1032,NULL),(602,'Range Rover Sport',1032,NULL),(603,'Avenger',934,NULL),(604,'Caliber',934,NULL),(605,'Challenger',934,NULL),(606,'Charger',934,NULL),(607,'Grand Caravan',934,NULL),(608,'Journey',934,NULL),(609,'Magnum',934,NULL),(610,'Nitro',934,NULL),(611,'RAM',934,NULL),(612,'Stealth',934,NULL),(613,'Viper',934,NULL),(614,'300 C',911,NULL),(615,'300 C Touring',911,NULL),(616,'300 M',911,NULL),(617,'Crossfire',911,NULL),(618,'Grand Voyager',911,NULL),(619,'LHS',911,NULL),(620,'Neon',911,NULL),(621,'Pacifica',911,NULL),(622,'Plymouth',911,NULL),(623,'PT Cruiser',911,NULL),(624,'Sebring',911,NULL),(625,'Sebring Convertible',911,NULL),(626,'Stratus',911,NULL),(627,'Stratus Cabrio',911,NULL),(628,'Town & Country',911,NULL),(629,'Voyager',911,NULL),(630,'Aerostar',963,NULL),(631,'B-Max',963,NULL),(632,'C-Max',963,NULL),(633,'Cortina',963,NULL),(634,'Cougar',963,NULL),(635,'Edge',963,NULL),(636,'Escort',963,NULL),(637,'Escort Cabrio',963,NULL),(638,'Escort kombi',963,NULL),(639,'Explorer',963,NULL),(640,'F-150',963,NULL),(641,'F-250',963,NULL),(642,'Fiesta',963,NULL),(643,'Focus',963,NULL),(644,'Focus C-Max',963,NULL),(645,'Focus CC',963,NULL),(646,'Focus kombi',963,NULL),(647,'Fusion',963,NULL),(648,'Galaxy',963,NULL),(649,'Grand C-Max',963,NULL),(650,'Ka',963,NULL),(651,'Kuga',963,NULL),(652,'Maverick',963,NULL),(653,'Mondeo',963,NULL),(654,'Mondeo Combi',963,NULL),(655,'Mustang',963,NULL),(656,'Orion',963,NULL),(657,'Puma',963,NULL),(658,'Ranger',963,NULL),(659,'S-Max',963,NULL),(660,'Sierra',963,NULL),(661,'Street Ka',963,NULL),(662,'Tourneo Connect',963,NULL),(663,'Tourneo Custom',963,NULL),(664,'Transit',963,NULL),(666,'Transit Bus',963,NULL),(667,'Transit Connect LWB',963,NULL),(668,'Transit Courier',963,NULL),(669,'Transit Custom',963,NULL),(670,'Transit kombi',963,NULL),(671,'Transit Tourneo',963,NULL),(672,'Transit Valnik',963,NULL),(673,'Transit Van',963,NULL),(674,'Transit Van 350',963,NULL),(675,'Windstar',963,NULL),(676,'H2',1003,NULL),(677,'H3',1003,NULL),(678,'Accent',1005,NULL),(679,'Atos',1005,NULL),(680,'Atos Prime',1005,NULL),(681,'Coupé',1005,NULL),(682,'Elantra',1005,NULL),(683,'Galloper',1005,NULL),(684,'Genesis',1005,NULL),(685,'Getz',1005,NULL),(686,'Grandeur',1005,NULL),(687,'H 350',1005,NULL),(688,'H1',1005,NULL),(689,'H1 Bus',1005,NULL),(690,'H1 Van',1005,NULL),(691,'H200',1005,NULL),(692,'i10',1005,NULL),(693,'i20',1005,NULL),(694,'i30',1005,NULL),(695,'i30 CW',1005,NULL),(696,'i40',1005,NULL),(697,'i40 CW',1005,NULL),(698,'ix20',1005,NULL),(699,'ix35',1005,NULL),(700,'ix55',1005,NULL),(701,'Lantra',1005,NULL),(702,'Matrix',1005,NULL),(703,'Santa Fe',1005,NULL),(704,'Sonata',1005,NULL),(705,'Terracan',1005,NULL),(706,'Trajet',1005,NULL),(707,'Tucson',1005,NULL),(708,'Veloster',1005,NULL),(709,'EX',1009,NULL),(710,'FX',1009,NULL),(711,'G',1009,NULL),(712,'G Coupé',1009,NULL),(713,'M',1009,NULL),(714,'Q',1009,NULL),(715,'QX',1009,NULL),(716,'Daimler',1019,NULL),(717,'F-Pace',1019,NULL),(718,'F-Type',1019,NULL),(719,'S-Type',1019,NULL),(720,'Sovereign',1019,NULL),(721,'X-Type',1019,NULL),(722,'X-type Estate',1019,NULL),(723,'XE',1019,NULL),(724,'XF',1019,NULL),(725,'XJ',1019,NULL),(726,'XJ12',1019,NULL),(727,'XJ6',1019,NULL),(728,'XJ8',1019,NULL),(730,'XJR',1019,NULL),(731,'XK',1019,NULL),(732,'XK8 Convertible',1019,NULL),(733,'XKR',1019,NULL),(734,'XKR Convertible',1019,NULL),(735,'Cherokee',1022,NULL),(736,'Commander',1022,NULL),(737,'Compass',1022,NULL),(738,'Grand Cherokee',1022,NULL),(739,'Patriot',1022,NULL),(740,'Renegade',1022,NULL),(741,'Wrangler',1022,NULL),(742,'100 NX',1093,NULL),(743,'200 SX',1093,NULL),(744,'350 Z',1093,NULL),(745,'350 Z Roadster',1093,NULL),(746,'370 Z',1093,NULL),(747,'Almera',1093,NULL),(748,'Almera Tino',1093,NULL),(749,'Cabstar E - T',1093,NULL),(750,'Cabstar TL2 Valnik',1093,NULL),(751,'e-NV200',1093,NULL),(752,'GT-R',1093,NULL),(753,'Insterstar',1093,NULL),(754,'Juke',1093,NULL),(755,'King Cab',1093,NULL),(756,'Leaf',1093,NULL),(757,'Maxima',1093,NULL),(758,'Maxima QX',1093,NULL),(759,'Micra',1093,NULL),(760,'Murano',1093,NULL),(761,'Navara',1093,NULL),(762,'Note',1093,NULL),(763,'NP300 Pickup',1093,NULL),(764,'NV200',1093,NULL),(765,'NV400',1093,NULL),(766,'Pathfinder',1093,NULL),(767,'Patrol',1093,NULL),(768,'Patrol GR',1093,NULL),(769,'Pickup',1093,NULL),(770,'Pixo',1093,NULL),(771,'Primastar',1093,NULL),(772,'Primastar Combi',1093,NULL),(773,'Primera',1093,NULL),(774,'Primera Combi',1093,NULL),(775,'Pulsar',1093,NULL),(776,'Qashqai',1093,NULL),(777,'Serena',1093,NULL),(778,'Sunny',1093,NULL),(779,'Terrano',1093,NULL),(780,'Tiida',1093,NULL),(781,'Trade',1093,NULL),(782,'Vanette Cargo',1093,NULL),(783,'X-Trail',1093,NULL),(784,'240',1192,NULL),(785,'340',1192,NULL),(786,'360',1192,NULL),(787,'460',1192,NULL),(788,'850',1192,NULL),(789,'850 kombi',1192,NULL),(790,'C30',1192,NULL),(791,'C70',1192,NULL),(792,'C70 Cabrio',1192,NULL),(793,'C70 Coupé',1192,NULL),(794,'S40',1192,NULL),(795,'S60',1192,NULL),(796,'S70',1192,NULL),(797,'S80',1192,NULL),(798,'S90',1192,NULL),(799,'V40',1192,NULL),(800,'V50',1192,NULL),(801,'V60',1192,NULL),(802,'V70',1192,NULL),(803,'V90',1192,NULL),(804,'XC60',1192,NULL),(805,'XC70',1192,NULL),(806,'XC90',1192,NULL),(807,'Espero',918,NULL),(810,'Lanos',918,NULL),(811,'Leganza',918,NULL),(812,'Lublin',918,NULL),(814,'Nexia',918,NULL),(816,'Nubira kombi',918,NULL),(817,'Racer',918,NULL),(819,'Tico',918,NULL),(820,'1100',957,NULL),(822,'500',957,NULL),(823,'500L',957,NULL),(824,'500X',957,NULL),(826,'Barchetta',957,NULL),(827,'Brava',957,NULL),(828,'Cinquecento',957,NULL),(830,'Croma',957,NULL),(831,'Doblo',957,NULL),(832,'Doblo Cargo',957,NULL),(833,'Doblo Cargo Combi',957,NULL),(834,'Ducato',957,NULL),(835,'Ducato Van',957,NULL),(836,'Ducato Kombi',957,NULL),(837,'Ducato Podvozok',957,NULL),(838,'Florino',957,NULL),(839,'Florino Combi',957,NULL),(840,'Freemont',957,NULL),(841,'Grande Punto',957,NULL),(842,'Idea',957,NULL),(843,'Linea',957,NULL),(844,'Marea',957,NULL),(845,'Marea Weekend',957,NULL),(846,'Multipla',957,NULL),(847,'Palio Weekend',957,NULL),(848,'Panda',957,NULL),(849,'Panda Van',957,NULL),(850,'Punto',957,NULL),(851,'Punto Cabriolet',957,NULL),(852,'Punto Evo',957,NULL),(853,'Punto Van',957,NULL),(854,'Qubo',957,NULL),(855,'Scudo',957,NULL),(856,'Scudo Van',957,NULL),(857,'Scudo Kombi',957,NULL),(858,'Sedici',957,NULL),(859,'Seicento',957,NULL),(860,'Stilo',957,NULL),(861,'Stilo Multiwagon',957,NULL),(862,'Strada',957,NULL),(863,'Talento',957,NULL),(864,'Tipo',957,NULL),(865,'Ulysse',957,NULL),(866,'Uno',957,NULL),(867,'X1/9',957,NULL),(868,'Cooper',1080,NULL),(869,'Cooper Cabrio',1080,NULL),(870,'Cooper Clubman',1080,NULL),(871,'Cooper D',1080,NULL),(872,'Cooper D Clubman',1080,NULL),(873,'Cooper S',1080,NULL),(874,'Cooper S Cabrio',1080,NULL),(875,'Cooper S Clubman',1080,NULL),(876,'Countryman',1080,NULL),(877,'Mini One',1080,NULL),(878,'One D',1080,NULL),(879,'200',1135,NULL),(880,'214',1135,NULL),(881,'218',1135,NULL),(882,'25',1135,NULL),(883,'400',1135,NULL),(884,'414',1135,NULL),(885,'416',1135,NULL),(886,'620',1135,NULL),(887,'75',1135,NULL),(888,'Cabrio',1153,NULL),(889,'City-Coupé',1153,NULL),(890,'Compact Pulse',1153,NULL),(891,'Forfour',1153,NULL),(892,'Fortwo cabrio',1153,NULL),(893,'Fortwo coupé',1153,NULL),(894,'Roadster',1153,NULL);
/*!40000 ALTER TABLE `models` ENABLE KEYS */;
UNLOCK TABLES;

--
-- Table structure for table `user`
--

DROP TABLE IF EXISTS `user`;
/*!40101 SET @saved_cs_client     = @@character_set_client */;
/*!50503 SET character_set_client = utf8mb4 */;
CREATE TABLE `user` (
  `username` char(30) NOT NULL,
  `email` char(35) DEFAULT NULL,
  `password` char(60) CHARACTER SET utf8mb4 COLLATE utf8mb4_0900_ai_ci DEFAULT NULL,
  `type` char(15) DEFAULT NULL,
  `avatar` char(80) CHARACTER SET utf8mb4 COLLATE utf8mb4_0900_ai_ci DEFAULT NULL,
  PRIMARY KEY (`username`),
  UNIQUE KEY `email` (`email`)
) ENGINE=InnoDB DEFAULT CHARSET=utf8mb4 COLLATE=utf8mb4_0900_ai_ci;
/*!40101 SET character_set_client = @saved_cs_client */;

--
-- Dumping data for table `user`
--

LOCK TABLES `user` WRITE;
/*!40000 ALTER TABLE `user` DISABLE KEYS */;
INSERT INTO `user` VALUES ('qqqq','qazqaz@afg.com','$2y$12$4cxrzjsS95DQ9DvzasKzCO5CzD0Ty20QpuxBp2ftAa9CWV8O0EMwa','client','https://i.pravatar.cc/150?u=fbebd3565429bc637eb38f6f7005d0c5');
/*!40000 ALTER TABLE `user` ENABLE KEYS */;
UNLOCK TABLES;

--
-- Dumping routines for database 'concessionaire'
--
/*!50003 DROP PROCEDURE IF EXISTS `likes` */;
/*!50003 SET @saved_cs_client      = @@character_set_client */ ;
/*!50003 SET @saved_cs_results     = @@character_set_results */ ;
/*!50003 SET @saved_col_connection = @@collation_connection */ ;
/*!50003 SET character_set_client  = utf8mb4 */ ;
/*!50003 SET character_set_results = utf8mb4 */ ;
/*!50003 SET collation_connection  = utf8mb4_0900_ai_ci */ ;
/*!50003 SET @saved_sql_mode       = @@sql_mode */ ;
/*!50003 SET sql_mode              = 'ONLY_FULL_GROUP_BY,STRICT_TRANS_TABLES,NO_ZERO_IN_DATE,NO_ZERO_DATE,ERROR_FOR_DIVISION_BY_ZERO,NO_ENGINE_SUBSTITUTION' */ ;
DELIMITER ;;
CREATE DEFINER=`root`@`localhost` PROCEDURE `likes`(IN u CHAR(20), IN c INT)
BEGIN
DECLARE n INT;
SELECT COUNT(*) INTO n FROM likes WHERE username_like = u AND
car_like = c;
CASE n
WHEN 1 THEN
DELETE FROM likes WHERE username_like = u AND car_like = c;
WHEN 0 THEN
INSERT INTO likes (username_like, car_like) VALUES (u,c);
END CASE;
END ;;
DELIMITER ;
/*!50003 SET sql_mode              = @saved_sql_mode */ ;
/*!50003 SET character_set_client  = @saved_cs_client */ ;
/*!50003 SET character_set_results = @saved_cs_results */ ;
/*!50003 SET collation_connection  = @saved_col_connection */ ;
/*!40103 SET TIME_ZONE=@OLD_TIME_ZONE */;

/*!40101 SET SQL_MODE=@OLD_SQL_MODE */;
/*!40014 SET FOREIGN_KEY_CHECKS=@OLD_FOREIGN_KEY_CHECKS */;
/*!40014 SET UNIQUE_CHECKS=@OLD_UNIQUE_CHECKS */;
/*!40101 SET CHARACTER_SET_CLIENT=@OLD_CHARACTER_SET_CLIENT */;
/*!40101 SET CHARACTER_SET_RESULTS=@OLD_CHARACTER_SET_RESULTS */;
/*!40101 SET COLLATION_CONNECTION=@OLD_COLLATION_CONNECTION */;
/*!40111 SET SQL_NOTES=@OLD_SQL_NOTES */;

-- Dump completed on 2022-04-01 17:57:48
